,艇番,選手登番,選手名,年齢,支部,体重,級別,全国勝率,全国2連率,当地勝率,当地2連率,モーター2連率,ボート2連率,RaceID,場所,R
0,1,4213,重富伸也,34,長崎,55,B1,3.90,18.07,5.00,28.89,0.00,28.15,2019_3_8_24_1R,24,1R
1,2,4185,藤原真也,38,香川,51,B1,3.85,17.91,3.89,21.05,50.00,29.50,2019_3_8_24_1R,24,1R
2,3,4948,木場悠介,26,長崎,53,B1,4.13,17.31,2.88,8.16,27.27,25.37,2019_3_8_24_1R,24,1R
3,4,3506,宮西真昭,47,佐賀,52,B1,3.54,10.81,4.63,24.39,0.00,33.11,2019_3_8_24_1R,24,1R
4,5,5015,高橋竜矢,21,広島,53,B1,3.00,2.06,2.14,0.00,11.11,30.00,2019_3_8_24_1R,24,1R
5,6,3871,池田紫乃,43,長崎,44,B1,5.16,31.15,4.88,32.76,30.00,34.44,2019_3_8_24_1R,24,1R
6,1,3704,本部めぐ,45,三重,48,B1,3.62,12.70,4.63,31.58,11.11,34.00,2019_3_8_24_2R,24,2R
7,2,4226,村田浩司,36,山口,54,B1,4.66,25.51,3.08,16.00,30.00,28.47,2019_3_8_24_2R,24,2R
8,3,3828,明石正之,45,兵庫,50,A1,6.76,48.82,7.18,47.06,0.00,34.44,2019_3_8_24_2R,24,2R
9,4,4924,中北涼,26,愛知,48,B1,3.77,15.19,2.56,0.00,54.55,44.37,2019_3_8_24_2R,24,2R
10,5,4404,岸蔭亮,33,兵庫,51,A2,5.62,36.84,6.57,42.86,25.00,31.29,2019_3_8_24_2R,24,2R
11,6,4153,佐々木巌,38,山口,57,B1,3.94,16.13,3.74,15.38,60.00,45.03,2019_3_8_24_2R,24,2R
12,1,4007,榮田将彦,40,山口,49,B1,4.56,25.58,4.76,28.95,28.57,31.54,2019_3_8_24_3R,24,3R
13,2,4952,吉武真也,25,福岡,52,B1,3.63,15.69,1.75,0.00,16.67,19.55,2019_3_8_24_3R,24,3R
14,3,3349,吉田一郎,51,長崎,52,A1,5.93,40.91,6.96,57.66,22.22,31.76,2019_3_8_24_3R,24,3R
15,4,4179,広次修,36,山口,52,A2,5.69,40.71,0.00,0.00,22.22,34.67,2019_3_8_24_3R,24,3R
16,5,4990,田中博子,21,福岡,52,B2,1.54,2.86,1.13,0.00,20.00,39.07,2019_3_8_24_3R,24,3R
17,6,3470,新田芳美,49,徳島,47,A2,5.58,35.48,0.00,0.00,14.29,34.87,2019_3_8_24_3R,24,3R
18,1,3834,細川明人,44,岡山,56,A2,4.88,27.96,5.59,38.46,60.00,28.91,2019_3_8_24_4R,24,4R
19,2,4324,海野康志,31,山口,59,A1,6.76,49.31,6.15,29.63,12.50,25.37,2019_3_8_24_4R,24,4R
20,3,4916,中村聡志,31,群馬,52,B1,3.16,13.04,0.00,0.00,0.00,50.66,2019_3_8_24_4R,24,4R
21,4,4250,藤川利文,36,福岡,55,B1,4.35,24.77,4.31,17.24,66.67,24.62,2019_3_8_24_4R,24,4R
22,5,4527,高野心吾,30,愛知,50,B1,3.93,19.75,5.00,22.22,63.64,25.55,2019_3_8_24_4R,24,4R
23,6,3574,大神康司,46,福岡,52,A1,6.12,44.78,6.20,46.67,0.00,31.54,2019_3_8_24_4R,24,4R
24,1,4079,出畑孝典,40,福岡,53,A2,6.05,48.15,5.93,48.15,0.00,20.66,2019_3_8_24_5R,24,5R
25,2,3600,玄馬徹,48,岡山,51,B1,4.19,21.62,4.61,22.22,0.00,38.10,2019_3_8_24_5R,24,5R
26,3,3304,烏野賢太,51,徳島,51,A1,6.32,41.48,6.77,54.55,42.11,28.57,2019_3_8_24_5R,24,5R
27,4,3522,長溝一生,50,佐賀,53,A2,5.94,39.47,6.82,55.88,50.00,39.33,2019_3_8_24_5R,24,5R
28,5,4077,品田直樹,40,東京,50,B1,4.49,22.73,4.78,33.33,0.00,32.65,2019_3_8_24_5R,24,5R
29,6,5015,高橋竜矢,21,広島,53,B1,3.00,2.06,2.14,0.00,11.11,30.00,2019_3_8_24_5R,24,5R
30,1,4430,永田秀二,33,東京,56,A1,6.44,44.19,6.44,47.22,12.50,45.33,2019_3_8_24_6R,24,6R
31,2,4224,大橋栄里,37,福岡,50,B1,4.72,25.88,5.22,33.33,44.44,34.00,2019_3_8_24_6R,24,6R
32,3,4632,長尾京志,29,福岡,52,B1,4.29,21.43,3.13,9.68,60.00,27.40,2019_3_8_24_6R,24,6R
33,4,4153,佐々木巌,38,山口,57,B1,3.94,16.13,3.74,15.38,60.00,45.03,2019_3_8_24_6R,24,6R
34,5,3506,宮西真昭,47,佐賀,52,B1,3.54,10.81,4.63,24.39,0.00,33.11,2019_3_8_24_6R,24,6R
35,6,3357,福島陽子,50,岡山,48,B1,4.61,25.24,4.81,29.63,70.00,27.91,2019_3_8_24_6R,24,6R
36,1,4082,濱崎誠,39,大阪,52,A2,5.19,35.23,5.74,47.83,27.78,26.32,2019_3_8_24_7R,24,7R
37,2,4247,齊藤優,36,徳島,53,B1,5.87,43.24,5.06,34.04,44.44,24.63,2019_3_8_24_7R,24,7R
38,3,4238,毒島誠,35,群馬,52,A1,7.90,52.88,7.63,56.14,50.00,26.52,2019_3_8_24_7R,24,7R
39,4,4966,田川大貴,21,長崎,53,B1,4.66,20.00,2.88,7.09,35.29,29.45,2019_3_8_24_7R,24,7R
40,5,3704,本部めぐ,45,三重,48,B1,3.62,12.70,4.63,31.58,11.11,34.00,2019_3_8_24_7R,24,7R
41,6,4990,田中博子,21,福岡,52,B2,1.54,2.86,1.13,0.00,20.00,39.07,2019_3_8_24_7R,24,7R
42,1,4185,藤原真也,38,香川,51,B1,3.85,17.91,3.89,21.05,50.00,29.50,2019_3_8_24_8R,24,8R
43,2,4527,高野心吾,30,愛知,50,B1,3.93,19.75,5.00,22.22,63.64,25.55,2019_3_8_24_8R,24,8R
44,3,3941,池田浩二,40,愛知,54,A1,7.56,46.61,6.92,52.63,33.33,29.10,2019_3_8_24_8R,24,8R
45,4,4952,吉武真也,25,福岡,52,B1,3.63,15.69,1.75,0.00,16.67,19.55,2019_3_8_24_8R,24,8R
46,5,4079,出畑孝典,40,福岡,53,A2,6.05,48.15,5.93,48.15,0.00,20.66,2019_3_8_24_8R,24,8R
47,6,4590,渡邉優美,26,福岡,50,A2,5.93,44.00,5.24,35.14,44.44,33.56,2019_3_8_24_8R,24,8R
48,1,3290,倉谷和信,55,大阪,52,A1,6.63,50.00,8.08,76.92,22.22,32.89,2019_3_8_24_9R,24,9R
49,2,4085,荻野裕介,39,東京,51,A1,6.03,42.31,6.78,55.56,44.44,32.43,2019_3_8_24_9R,24,9R
50,3,4007,榮田将彦,40,山口,49,B1,4.56,25.58,4.76,28.95,28.57,31.54,2019_3_8_24_9R,24,9R
51,4,3871,池田紫乃,43,長崎,44,B1,5.16,31.15,4.88,32.76,30.00,34.44,2019_3_8_24_9R,24,9R
52,5,3834,細川明人,44,岡山,56,A2,4.88,27.96,5.59,38.46,60.00,28.91,2019_3_8_24_9R,24,9R
53,6,4924,中北涼,26,愛知,48,B1,3.77,15.19,2.56,0.00,54.55,44.37,2019_3_8_24_9R,24,9R
54,1,3349,吉田一郎,51,長崎,52,A1,5.93,40.91,6.96,57.66,22.22,31.76,2019_3_8_24_10R,24,10R
55,2,4394,永嶋裕一,32,福岡,56,A2,5.63,37.74,5.48,40.00,8.33,27.86,2019_3_8_24_10R,24,10R
56,3,4430,永田秀二,33,東京,56,A1,6.44,44.19,6.44,47.22,12.50,45.33,2019_3_8_24_10R,24,10R
57,4,3936,三瀬譲,41,長崎,56,B1,4.84,28.45,5.20,30.33,37.50,37.50,2019_3_8_24_10R,24,10R
58,5,4226,村田浩司,36,山口,54,B1,4.66,25.51,3.08,16.00,30.00,28.47,2019_3_8_24_10R,24,10R
59,6,3304,烏野賢太,51,徳島,51,A1,6.32,41.48,6.77,54.55,42.11,28.57,2019_3_8_24_10R,24,10R
60,1,4238,毒島誠,35,群馬,52,A1,7.90,52.88,7.63,56.14,50.00,26.52,2019_3_8_24_11R,24,11R
61,2,3828,明石正之,45,兵庫,50,A1,6.76,48.82,7.18,47.06,0.00,34.44,2019_3_8_24_11R,24,11R
62,3,4590,渡邉優美,26,福岡,50,A2,5.93,44.00,5.24,35.14,44.44,33.56,2019_3_8_24_11R,24,11R
63,4,4077,品田直樹,40,東京,50,B1,4.49,22.73,4.78,33.33,0.00,32.65,2019_3_8_24_11R,24,11R
64,5,3470,新田芳美,49,徳島,47,A2,5.58,35.48,0.00,0.00,14.29,34.87,2019_3_8_24_11R,24,11R
65,6,4324,海野康志,31,山口,59,A1,6.76,49.31,6.15,29.63,12.50,25.37,2019_3_8_24_11R,24,11R
66,1,3941,池田浩二,40,愛知,54,A1,7.56,46.61,6.92,52.63,33.33,29.10,2019_3_8_24_12R,24,12R
67,2,3522,長溝一生,50,佐賀,53,A2,5.94,39.47,6.82,55.88,50.00,39.33,2019_3_8_24_12R,24,12R
68,3,3290,倉谷和信,55,大阪,52,A1,6.63,50.00,8.08,76.92,22.22,32.89,2019_3_8_24_12R,24,12R
69,4,3574,大神康司,46,福岡,52,A1,6.12,44.78,6.20,46.67,0.00,31.54,2019_3_8_24_12R,24,12R
70,5,4082,濱崎誠,39,大阪,52,A2,5.19,35.23,5.74,47.83,27.78,26.32,2019_3_8_24_12R,24,12R
71,6,4404,岸蔭亮,33,兵庫,51,A2,5.62,36.84,6.57,42.86,25.00,31.29,2019_3_8_24_12R,24,12R
72,1,3516,吉原聖人,51,広島,52,A2,4.45,30.36,4.00,12.50,34.78,26.56,2019_3_8_22_1R,22,1R
73,2,3891,谷口健一,43,福井,55,B1,3.96,12.87,4.18,17.65,39.19,32.23,2019_3_8_22_1R,22,1R
74,3,4774,丸山龍太,25,福岡,51,B2,3.79,21.15,3.83,16.67,41.51,27.82,2019_3_8_22_1R,22,1R
75,4,4307,村上橋蔵,35,愛知,57,B1,3.59,12.16,0.00,0.00,49.23,34.81,2019_3_8_22_1R,22,1R
76,5,4918,川島拓郎,30,静岡,53,B1,2.81,8.24,0.00,0.00,32.90,40.74,2019_3_8_22_1R,22,1R
77,6,4592,小林孝弘,38,山口,53,B1,4.29,22.68,4.85,30.00,40.00,33.05,2019_3_8_22_1R,22,1R
78,1,4274,長畑友輔,36,東京,51,B1,5.08,29.59,4.64,21.43,25.74,38.98,2019_3_8_22_2R,22,2R
79,2,4216,星栄爾,33,静岡,51,A1,6.37,40.38,6.55,47.06,43.85,30.71,2019_3_8_22_2R,22,2R
80,3,3024,西島義則,57,広島,56,A1,6.67,53.79,6.68,43.48,34.19,24.65,2019_3_8_22_2R,22,2R
81,4,4598,加藤政彦,34,東京,51,A2,5.98,41.24,5.30,35.00,34.16,37.69,2019_3_8_22_2R,22,2R
82,5,4097,貫地谷直,37,広島,53,B1,4.81,25.00,3.89,22.22,41.06,39.34,2019_3_8_22_2R,22,2R
83,6,5027,重冨勇哉,22,山口,58,B2,1.10,0.00,1.00,0.00,44.26,27.78,2019_3_8_22_2R,22,2R
84,1,3620,信濃由行,45,福井,55,B1,3.93,17.00,3.00,0.00,45.97,37.80,2019_3_8_22_3R,22,3R
85,2,4545,岡村慶太,31,福岡,54,A1,6.69,47.00,6.53,46.08,22.92,31.43,2019_3_8_22_3R,22,3R
86,3,4348,宮崎奨,33,香川,56,A2,6.02,45.11,6.58,52.63,36.65,38.02,2019_3_8_22_3R,22,3R
87,4,5000,岡本翔太,24,山口,50,B2,2.76,11.86,0.00,0.00,26.79,26.89,2019_3_8_22_3R,22,3R
88,5,4663,籾山佳岳,36,愛知,51,B1,5.11,25.40,0.00,0.00,38.93,36.88,2019_3_8_22_3R,22,3R
89,6,3501,川上昇平,49,長崎,53,B1,5.31,35.48,5.02,33.33,38.35,35.16,2019_3_8_22_3R,22,3R
90,1,4035,杉江浩明,40,愛知,50,B1,4.43,34.00,3.17,16.67,29.41,36.76,2019_3_8_22_4R,22,4R
91,2,4652,酒見峻介,33,佐賀,52,B1,4.53,18.28,5.18,18.18,36.50,25.62,2019_3_8_22_4R,22,4R
92,3,3381,滝沢芳行,50,埼玉,52,A1,5.79,41.12,5.24,36.00,35.37,32.31,2019_3_8_22_4R,22,4R
93,4,4524,深谷知博,30,静岡,51,A1,7.04,52.67,6.00,33.33,37.59,34.04,2019_3_8_22_4R,22,4R
94,5,4403,木下大將,33,福岡,52,A2,5.62,35.51,4.55,29.03,32.33,37.86,2019_3_8_22_4R,22,4R
95,6,3868,尾形栄治,43,東京,55,B1,5.23,31.58,6.05,45.00,40.34,41.04,2019_3_8_22_4R,22,4R
96,1,4209,藤田竜弘,36,静岡,59,A2,5.27,34.68,6.08,39.47,32.93,45.14,2019_3_8_22_5R,22,5R
97,2,4262,馬場貴也,34,滋賀,53,A1,7.77,59.50,6.14,42.86,28.97,44.88,2019_3_8_22_5R,22,5R
98,3,4169,多田有佑,36,東京,55,B1,3.17,11.59,3.00,12.50,34.82,26.50,2019_3_8_22_5R,22,5R
99,4,3432,宮迫暢彦,50,大阪,53,B1,5.36,37.74,5.25,37.50,30.00,35.00,2019_3_8_22_5R,22,5R
100,5,4320,峰竜太,33,佐賀,50,A1,8.18,59.80,8.00,55.56,34.36,33.33,2019_3_8_22_5R,22,5R
101,6,3891,谷口健一,43,福井,55,B1,3.96,12.87,4.18,17.65,39.19,32.23,2019_3_8_22_5R,22,5R
102,1,4774,丸山龍太,25,福岡,51,B2,3.79,21.15,3.83,16.67,41.51,25.76,2019_3_8_22_6R,22,6R
103,2,3730,塩崎優司,46,愛知,53,A2,4.97,29.63,4.73,23.08,39.18,28.93,2019_3_8_22_6R,22,6R
104,3,4798,浜先真範,25,広島,52,A2,5.74,36.26,4.89,11.11,30.39,37.70,2019_3_8_22_6R,22,6R
105,4,4278,藤岡俊介,35,兵庫,51,A1,6.32,40.54,7.61,56.82,39.69,34.29,2019_3_8_22_6R,22,6R
106,5,5027,重冨勇哉,22,山口,58,B2,1.10,0.00,1.00,0.00,44.26,27.78,2019_3_8_22_6R,22,6R
107,6,4350,篠崎元志,33,福岡,52,B2,8.10,66.67,7.37,52.00,35.03,30.66,2019_3_8_22_6R,22,6R
108,1,4598,加藤政彦,34,東京,51,A2,5.98,41.24,5.30,35.00,34.16,37.69,2019_3_8_22_7R,22,7R
109,2,4307,村上橋蔵,35,愛知,57,B1,3.59,12.16,0.00,0.00,49.23,34.81,2019_3_8_22_7R,22,7R
110,3,4236,松村敏,35,福岡,54,A1,6.89,50.77,7.57,51.79,27.78,40.60,2019_3_8_22_7R,22,7R
111,4,3557,太田和美,46,大阪,54,A1,6.57,44.44,7.31,30.56,27.03,40.46,2019_3_8_22_7R,22,7R
112,5,5029,中亮太,21,福岡,54,B2,1.92,2.67,1.33,0.00,39.86,34.13,2019_3_8_22_7R,22,7R
113,6,3692,竹腰正樹,47,福井,53,B1,4.53,27.78,3.80,20.00,45.33,26.28,2019_3_8_22_7R,22,7R
114,1,3024,西島義則,57,広島,56,A1,6.67,53.79,6.68,43.48,34.19,24.65,2019_3_8_22_8R,22,8R
115,2,4511,中岡健人,29,香川,58,B1,5.35,28.71,4.60,20.00,38.36,29.92,2019_3_8_22_8R,22,8R
116,3,4035,杉江浩明,40,愛知,50,B1,4.43,34.00,3.17,16.67,29.41,36.76,2019_3_8_22_8R,22,8R
117,4,4120,柘植政浩,37,滋賀,51,A2,5.76,33.94,6.03,50.00,28.67,29.32,2019_3_8_22_8R,22,8R
118,5,4982,中村将隆,22,兵庫,57,B1,3.03,9.46,0.00,0.00,34.18,35.54,2019_3_8_22_8R,22,8R
119,6,5000,岡本翔太,24,山口,50,B2,2.76,11.86,0.00,0.00,26.79,26.89,2019_3_8_22_8R,22,8R
120,1,3432,宮迫暢彦,50,大阪,53,B1,5.36,37.74,5.25,37.50,30.00,35.00,2019_3_8_22_9R,22,9R
121,2,3319,山崎義明,52,埼玉,51,A2,6.20,43.48,5.93,35.00,34.64,34.68,2019_3_8_22_9R,22,9R
122,3,4403,木下大將,33,福岡,52,A2,5.62,35.51,4.55,29.03,32.33,37.86,2019_3_8_22_9R,22,9R
123,4,3516,吉原聖人,51,広島,52,A2,4.45,30.36,4.00,12.50,34.78,26.56,2019_3_8_22_9R,22,9R
124,5,3620,信濃由行,45,福井,55,B1,3.93,17.00,3.00,0.00,45.97,37.80,2019_3_8_22_9R,22,9R
125,6,4121,富永修一,37,福岡,52,A2,4.85,28.28,5.67,37.33,35.34,39.34,2019_3_8_22_9R,22,9R
126,1,3381,滝沢芳行,50,埼玉,52,A1,5.79,41.12,5.24,36.00,35.37,32.31,2019_3_8_22_10R,22,10R
127,2,4320,峰竜太,33,佐賀,50,A1,8.18,59.80,8.00,55.56,34.36,33.33,2019_3_8_22_10R,22,10R
128,3,4567,上村慎太,31,山口,51,B1,4.01,18.18,4.41,23.53,39.85,35.97,2019_3_8_22_10R,22,10R
129,4,4097,貫地谷直,37,広島,53,B1,4.81,25.00,3.89,22.22,41.06,39.34,2019_3_8_22_10R,22,10R
130,5,3730,塩崎優司,46,愛知,53,A2,4.97,29.63,4.73,23.08,39.18,28.93,2019_3_8_22_10R,22,10R
131,6,4348,宮崎奨,33,香川,56,A2,6.02,45.11,6.58,52.63,36.65,38.02,2019_3_8_22_10R,22,10R
132,1,4524,深谷知博,30,静岡,51,A1,7.04,52.67,6.00,33.33,37.59,34.04,2019_3_8_22_11R,22,11R
133,2,4798,浜先真範,25,広島,52,A2,5.74,36.26,4.89,11.11,30.39,37.70,2019_3_8_22_11R,22,11R
134,3,4663,籾山佳岳,36,愛知,51,B1,5.11,25.40,0.00,0.00,38.93,36.88,2019_3_8_22_11R,22,11R
135,4,4262,馬場貴也,34,滋賀,53,A1,7.77,59.50,6.14,42.86,28.97,44.88,2019_3_8_22_11R,22,11R
136,5,4236,松村敏,35,福岡,54,A1,6.89,50.77,7.57,51.79,27.78,40.60,2019_3_8_22_11R,22,11R
137,6,4216,星栄爾,33,静岡,51,A1,6.37,40.38,6.55,47.06,43.85,30.71,2019_3_8_22_11R,22,11R
138,1,3557,太田和美,46,大阪,54,A1,6.57,44.44,7.31,30.56,27.03,40.46,2019_3_8_22_12R,22,12R
139,2,4120,柘植政浩,37,滋賀,51,A2,5.76,33.94,6.03,50.00,28.67,29.32,2019_3_8_22_12R,22,12R
140,3,4350,篠崎元志,33,福岡,52,B2,8.10,66.67,7.37,52.00,35.03,30.66,2019_3_8_22_12R,22,12R
141,4,4274,長畑友輔,36,東京,51,B1,5.08,29.59,4.64,21.43,25.74,38.98,2019_3_8_22_12R,22,12R
142,5,4209,藤田竜弘,36,静岡,59,A2,5.27,34.68,6.08,39.47,32.93,45.14,2019_3_8_22_12R,22,12R
143,6,4545,岡村慶太,31,福岡,54,A1,6.69,47.00,6.53,46.08,22.92,31.43,2019_3_8_22_12R,22,12R
144,1,4379,桑島和宏,34,東京,55,B1,5.39,35.71,0.00,0.00,44.44,30.61,2019_3_8_20_1R,20,1R
145,2,3881,浦上拓也,46,大阪,53,B1,5.11,29.55,4.11,11.11,17.65,41.96,2019_3_8_20_1R,20,1R
146,3,4892,柴田直哉,28,福岡,50,B1,4.55,24.73,3.26,12.82,26.00,26.90,2019_3_8_20_1R,20,1R
147,4,3695,安東将,47,山口,51,B1,3.79,16.39,3.41,12.50,34.43,32.03,2019_3_8_20_1R,20,1R
148,5,3382,岩谷真,50,東京,53,B1,4.41,25.33,4.35,23.53,59.65,40.00,2019_3_8_20_1R,20,1R
149,6,5021,計盛光,24,大阪,47,B2,1.30,0.00,0.00,0.00,19.30,39.57,2019_3_8_20_1R,20,1R
150,1,4644,山田亮太,39,東京,51,B1,6.06,42.57,5.77,38.46,38.71,26.95,2019_3_8_20_2R,20,2R
151,2,4375,照屋厚仁,34,兵庫,52,B1,5.80,40.57,5.56,22.22,25.81,31.47,2019_3_8_20_2R,20,2R
152,3,4059,入澤友治,39,東京,52,B1,5.14,31.94,4.43,26.67,13.04,35.77,2019_3_8_20_2R,20,2R
153,4,4586,磯部誠,28,愛知,53,A1,6.63,43.75,7.15,57.69,35.00,25.76,2019_3_8_20_2R,20,2R
154,5,3896,上田洋平,42,滋賀,50,A2,5.40,34.83,0.00,0.00,17.07,43.45,2019_3_8_20_2R,20,2R
155,6,4010,越智照浩,39,香川,56,B1,4.53,18.39,4.68,21.05,20.00,31.91,2019_3_8_20_2R,20,2R
156,1,3878,胡本悟志,41,山口,51,B1,4.80,24.62,4.00,12.50,34.43,31.54,2019_3_8_20_3R,20,3R
157,2,4958,溝口海義,23,福岡,56,B1,4.64,21.21,2.82,10.34,33.33,41.35,2019_3_8_20_3R,20,3R
158,3,3499,市川哲也,50,広島,50,A1,7.23,52.78,6.14,36.11,53.97,27.27,2019_3_8_20_3R,20,3R
159,4,5019,柴田百恵,19,静岡,47,B2,2.03,0.00,3.33,11.11,25.58,27.66,2019_3_8_20_3R,20,3R
160,5,4173,岡谷健吾,36,広島,58,A2,6.06,41.58,5.47,33.33,27.27,37.93,2019_3_8_20_3R,20,3R
161,6,3534,野澤大二,46,東京,54,A1,6.35,47.47,5.71,33.33,24.14,34.67,2019_3_8_20_3R,20,3R
162,1,3725,向達哉,47,大阪,51,B1,4.65,28.40,5.50,30.77,30.77,24.83,2019_3_8_20_4R,20,4R
163,2,3427,大賀広幸,51,山口,51,A2,5.25,36.62,7.14,57.14,27.08,38.06,2019_3_8_20_4R,20,4R
164,3,3939,渡辺真至,41,愛知,53,A2,6.44,48.51,7.43,57.14,26.67,24.11,2019_3_8_20_4R,20,4R
165,4,4246,喜多那由,36,静岡,47,B1,3.83,15.00,0.00,0.00,33.96,35.17,2019_3_8_20_4R,20,4R
166,5,5013,山下夏鈴,21,三重,45,B2,1.89,0.00,0.00,0.00,42.19,31.72,2019_3_8_20_4R,20,4R
167,6,4136,江夏満,38,福岡,53,A1,6.79,48.41,7.96,73.91,32.76,33.78,2019_3_8_20_4R,20,4R
168,1,3902,蜷川哲平,41,東京,54,A2,5.88,38.94,8.30,70.00,20.37,38.51,2019_3_8_20_5R,20,5R
169,2,3590,濱野谷憲,45,東京,55,A1,6.98,43.09,6.48,24.00,28.13,32.31,2019_3_8_20_5R,20,5R
170,3,3695,安東将,47,山口,51,B1,3.79,16.39,3.41,12.50,34.43,32.03,2019_3_8_20_5R,20,5R
171,4,4393,田中孝明,32,福岡,53,A2,5.79,40.17,5.97,42.42,39.29,28.57,2019_3_8_20_5R,20,5R
172,5,4694,高田綾,34,福岡,46,B1,4.49,23.53,3.53,13.95,25.49,37.50,2019_3_8_20_5R,20,5R
173,6,4037,別府正幸,40,福岡,57,B1,4.79,24.14,4.67,28.00,27.59,27.54,2019_3_8_20_5R,20,5R
174,1,4506,稗田聖也,30,福岡,51,A2,6.15,46.15,5.24,40.00,40.00,41.67,2019_3_8_20_6R,20,6R
175,2,3434,松尾宣邦,50,福岡,55,B1,4.78,27.93,5.53,35.09,53.33,35.51,2019_3_8_20_6R,20,6R
176,3,3926,大古場貴,43,佐賀,50,B1,3.46,7.69,3.28,5.56,26.32,25.19,2019_3_8_20_6R,20,6R
177,4,3284,渡邊伸太,51,佐賀,53,A1,6.67,52.46,5.92,36.00,45.45,34.48,2019_3_8_20_6R,20,6R
178,5,5021,計盛光,24,大阪,47,B2,1.30,0.00,0.00,0.00,19.30,39.57,2019_3_8_20_6R,20,6R
179,6,4418,茅原悠紀,31,岡山,55,A1,7.15,46.15,8.44,61.11,18.37,39.13,2019_3_8_20_6R,20,6R
180,1,4218,吉川喜継,37,滋賀,52,A1,6.49,50.00,6.50,45.83,50.00,32.58,2019_3_8_20_7R,20,7R
181,2,3382,岩谷真,50,東京,53,B1,4.41,25.33,4.35,23.53,59.65,40.00,2019_3_8_20_7R,20,7R
182,3,4173,岡谷健吾,36,広島,58,A2,6.06,41.58,5.47,33.33,27.27,37.93,2019_3_8_20_7R,20,7R
183,4,4375,照屋厚仁,34,兵庫,52,B1,5.80,40.57,5.56,22.22,25.81,31.47,2019_3_8_20_7R,20,7R
184,5,3334,角ひとみ,50,広島,45,A2,5.19,33.00,5.83,41.46,27.59,39.74,2019_3_8_20_7R,20,7R
185,6,3745,橋本年光,44,兵庫,53,A2,5.55,29.76,0.00,0.00,40.98,31.88,2019_3_8_20_7R,20,7R
186,1,4522,古澤光紀,31,福岡,53,A1,6.61,49.58,6.14,48.00,24.07,36.81,2019_3_8_20_8R,20,8R
187,2,3534,野澤大二,46,東京,54,A1,6.35,47.47,5.71,33.33,24.14,34.67,2019_3_8_20_8R,20,8R
188,3,4154,森安弘雅,38,香川,51,A2,5.43,34.21,5.25,34.55,36.84,27.34,2019_3_8_20_8R,20,8R
189,4,4400,加藤奈月,30,福井,54,B1,4.10,21.59,4.55,21.21,35.09,26.39,2019_3_8_20_8R,20,8R
190,5,4059,入澤友治,39,東京,52,B1,5.14,31.94,4.43,26.67,13.04,35.77,2019_3_8_20_8R,20,8R
191,6,4346,前田健太,33,福岡,55,B1,4.64,30.30,5.64,42.42,26.79,26.36,2019_3_8_20_8R,20,8R
192,1,4586,磯部誠,28,愛知,53,A1,6.63,43.75,7.15,57.69,35.00,25.76,2019_3_8_20_9R,20,9R
193,2,4286,平田さや,34,東京,51,A2,4.97,33.66,6.12,42.31,36.36,31.79,2019_3_8_20_9R,20,9R
194,3,3725,向達哉,47,大阪,51,B1,4.65,28.40,5.50,30.77,30.77,24.83,2019_3_8_20_9R,20,9R
195,4,3615,横田茂,46,広島,50,A2,5.55,37.10,5.60,42.00,23.33,31.88,2019_3_8_20_9R,20,9R
196,5,4892,柴田直哉,28,福岡,50,B1,4.55,24.73,3.26,12.82,26.00,26.90,2019_3_8_20_9R,20,9R
197,6,3499,市川哲也,50,広島,50,A1,7.23,52.78,6.14,36.11,53.97,27.27,2019_3_8_20_9R,20,9R
198,1,3685,荒井輝年,45,岡山,57,A1,6.50,46.08,5.90,35.48,36.36,33.61,2019_3_8_20_10R,20,10R
199,2,3902,蜷川哲平,41,東京,54,A2,5.88,38.94,8.30,70.00,20.37,38.51,2019_3_8_20_10R,20,10R
200,3,4010,越智照浩,39,香川,56,B1,4.53,18.39,4.68,21.05,20.00,31.91,2019_3_8_20_10R,20,10R
201,4,4418,茅原悠紀,31,岡山,55,A1,7.15,46.15,8.44,61.11,18.37,39.13,2019_3_8_20_10R,20,10R
202,5,3427,大賀広幸,51,山口,51,A2,5.25,36.62,7.14,57.14,27.08,38.06,2019_3_8_20_10R,20,10R
203,6,3881,浦上拓也,46,大阪,53,B1,5.11,29.55,4.11,11.11,17.65,41.96,2019_3_8_20_10R,20,10R
204,1,3590,濱野谷憲,45,東京,55,A1,6.98,43.09,6.48,24.00,28.13,32.31,2019_3_8_20_11R,20,11R
205,2,4154,森安弘雅,38,香川,51,A2,5.43,34.21,5.25,34.55,36.84,27.34,2019_3_8_20_11R,20,11R
206,3,4136,江夏満,38,福岡,53,A1,6.79,48.41,7.96,73.91,32.76,33.78,2019_3_8_20_11R,20,11R
207,4,3896,上田洋平,42,滋賀,50,A2,5.40,34.83,0.00,0.00,17.07,43.45,2019_3_8_20_11R,20,11R
208,5,4218,吉川喜継,37,滋賀,52,A1,6.49,50.00,6.50,45.83,50.00,32.58,2019_3_8_20_11R,20,11R
209,6,3434,松尾宣邦,50,福岡,55,B1,4.78,27.93,5.53,35.09,53.33,35.51,2019_3_8_20_11R,20,11R
210,1,3334,角ひとみ,50,広島,45,A2,5.19,33.00,5.83,41.46,27.59,39.74,2019_3_8_20_12R,20,12R
211,2,4246,喜多那由,36,静岡,47,B1,3.83,15.00,0.00,0.00,33.96,35.17,2019_3_8_20_12R,20,12R
212,3,4400,加藤奈月,30,福井,54,B1,4.10,21.59,4.55,21.21,35.09,26.39,2019_3_8_20_12R,20,12R
213,4,4286,平田さや,34,東京,51,A2,4.97,33.66,6.12,42.31,36.36,31.79,2019_3_8_20_12R,20,12R
214,5,5019,柴田百恵,19,静岡,47,B2,2.03,0.00,3.33,11.11,25.58,27.66,2019_3_8_20_12R,20,12R
215,6,4694,高田綾,34,福岡,46,B1,4.49,23.53,3.53,13.95,25.49,37.50,2019_3_8_20_12R,20,12R
216,1,3841,佐々木和,42,徳島,56,A1,6.73,49.59,6.23,48.39,29.90,32.20,2019_3_8_18_1R,18,1R
217,2,3879,中村格,46,岡山,57,B1,4.59,20.00,4.75,25.00,27.09,40.00,2019_3_8_18_1R,18,1R
218,3,4991,宗行治哉,21,広島,51,B1,3.68,15.79,5.00,12.50,31.43,36.36,2019_3_8_18_1R,18,1R
219,4,4395,下河雅史,32,福岡,58,B2,4.31,25.64,4.20,30.00,30.34,22.03,2019_3_8_18_1R,18,1R
220,5,4902,山川雄大,26,兵庫,52,B1,4.64,27.40,3.39,22.22,36.19,24.19,2019_3_8_18_1R,18,1R
221,6,4985,井本昌也,21,山口,51,B1,3.59,17.44,3.06,11.11,46.36,21.31,2019_3_8_18_1R,18,1R
222,1,4086,寺本重宣,38,東京,49,A1,6.13,42.62,6.49,49.21,31.31,31.15,2019_3_8_18_2R,18,2R
223,2,3350,藤本佳史,50,山口,53,A2,5.45,31.00,5.25,30.12,30.14,43.33,2019_3_8_18_2R,18,2R
224,3,4222,山口高志,37,佐賀,51,A2,5.74,42.06,6.38,46.15,36.65,32.76,2019_3_8_18_2R,18,2R
225,4,3897,白井英治,42,山口,53,A1,7.93,58.33,8.31,68.97,33.66,30.51,2019_3_8_18_2R,18,2R
226,5,4193,郷原章平,37,福岡,54,A2,5.91,39.84,6.45,45.45,27.03,47.54,2019_3_8_18_2R,18,2R
227,6,4365,盛本真輔,33,兵庫,52,B1,5.14,26.85,5.41,29.41,36.49,35.38,2019_3_8_18_2R,18,2R
228,1,3703,鳥飼眞,45,福岡,52,A1,7.00,54.39,7.23,59.09,41.44,44.26,2019_3_8_18_3R,18,3R
229,2,3365,野田貴博,53,大阪,55,B1,4.19,20.90,0.00,0.00,30.86,41.51,2019_3_8_18_3R,18,3R
230,3,3661,柳瀬興志,49,山口,57,B1,4.96,22.02,5.65,33.61,29.50,35.59,2019_3_8_18_3R,18,3R
231,4,3327,野長瀬正,51,静岡,52,A1,6.63,46.27,7.17,50.00,30.13,38.33,2019_3_8_18_3R,18,3R
232,5,3527,中嶋誠一,48,長崎,52,A2,5.67,35.19,6.68,50.00,30.73,35.48,2019_3_8_18_3R,18,3R
233,6,4245,高橋直哉,37,東京,52,B1,4.72,26.88,3.33,16.67,45.65,29.31,2019_3_8_18_3R,18,3R
234,1,4682,大上卓人,28,広島,51,A1,7.27,53.39,6.30,41.86,46.88,25.00,2019_3_8_18_4R,18,4R
235,2,3904,森貴洋,41,大阪,56,A2,5.61,34.69,5.47,23.53,34.43,38.81,2019_3_8_18_4R,18,4R
236,3,3922,菅沼佳昭,43,愛知,50,B1,4.50,27.93,6.60,40.00,31.46,32.00,2019_3_8_18_4R,18,4R
237,4,3108,松本真吾,55,徳島,51,B1,3.86,14.58,4.09,22.41,23.20,30.00,2019_3_8_18_4R,18,4R
238,5,4164,岩永節也,37,長崎,55,B1,4.44,22.47,4.38,25.00,38.10,23.33,2019_3_8_18_4R,18,4R
239,6,3352,小川晃司,50,福岡,50,B1,5.16,27.27,4.38,14.29,41.12,26.32,2019_3_8_18_4R,18,4R
240,1,4753,森照夫,30,福岡,58,B1,4.44,24.42,2.96,12.00,29.23,30.00,2019_3_8_18_5R,18,5R
241,2,4547,中田竜太,30,埼玉,49,A1,6.71,41.67,8.50,50.00,40.10,42.37,2019_3_8_18_5R,18,5R
242,3,4009,小林一樹,39,山口,57,A2,5.11,33.66,5.49,39.76,35.64,23.21,2019_3_8_18_5R,18,5R
243,4,4985,井本昌也,21,山口,51,B1,3.59,17.44,3.06,11.11,46.36,21.31,2019_3_8_18_5R,18,5R
244,5,4118,宇佐見淳,38,愛知,53,A2,5.86,38.79,6.35,51.35,28.83,30.95,2019_3_8_18_5R,18,5R
245,6,4434,田中辰彦,32,広島,55,A2,5.42,33.94,5.65,35.14,28.19,32.76,2019_3_8_18_5R,18,5R
246,1,4991,宗行治哉,21,広島,51,B1,3.68,15.79,5.00,12.50,31.43,36.36,2019_3_8_18_6R,18,6R
247,2,4497,桑原悠,31,長崎,50,A1,6.95,50.00,5.92,38.89,40.09,27.59,2019_3_8_18_6R,18,6R
248,3,3663,木山和幸,49,広島,50,A2,5.59,36.61,5.83,41.67,33.50,35.71,2019_3_8_18_6R,18,6R
249,4,4365,盛本真輔,33,兵庫,52,B1,5.14,26.85,5.41,29.41,36.49,35.38,2019_3_8_18_6R,18,6R
250,5,5067,山田真聖,20,山口,54,B2,1.51,0.00,1.11,0.00,30.28,32.20,2019_3_8_18_6R,18,6R
251,6,4089,妹尾忠幸,38,岡山,55,A1,6.49,46.46,6.58,44.23,32.34,30.36,2019_3_8_18_6R,18,6R
252,1,4158,木場雄二,37,山口,56,B1,4.51,27.06,5.60,32.56,35.02,33.90,2019_3_8_18_7R,18,7R
253,2,4193,郷原章平,37,福岡,54,A2,5.91,39.84,6.45,45.45,27.03,47.54,2019_3_8_18_7R,18,7R
254,3,4535,北山康介,29,東京,57,A2,6.21,42.86,7.32,57.89,27.72,32.14,2019_3_8_18_7R,18,7R
255,4,4934,佐々木翔,22,大阪,55,B1,3.86,19.42,2.09,0.00,38.83,22.92,2019_3_8_18_7R,18,7R
256,5,3841,佐々木和,42,徳島,56,A1,6.73,49.59,6.23,48.39,29.90,32.20,2019_3_8_18_7R,18,7R
257,6,5060,数原魁,21,兵庫,53,B2,1.34,0.00,0.00,0.00,35.71,40.68,2019_3_8_18_7R,18,7R
258,1,3661,柳瀬興志,49,山口,57,B1,4.96,22.02,5.65,33.61,29.50,35.59,2019_3_8_18_8R,18,8R
259,2,4395,下河雅史,32,福岡,58,B2,4.31,25.64,4.20,30.00,30.34,22.03,2019_3_8_18_8R,18,8R
260,3,4086,寺本重宣,38,東京,49,A1,6.13,42.62,6.49,49.21,31.31,31.15,2019_3_8_18_8R,18,8R
261,4,3904,森貴洋,41,大阪,56,A2,5.61,34.69,5.47,23.53,34.43,38.81,2019_3_8_18_8R,18,8R
262,5,3502,渡邉英児,49,静岡,52,A1,6.93,51.59,6.33,33.33,41.46,17.65,2019_3_8_18_8R,18,8R
263,6,5011,高木圭大,21,長崎,53,B1,1.91,1.47,1.68,3.57,41.97,31.03,2019_3_8_18_8R,18,8R
264,1,3350,藤本佳史,50,山口,53,A2,5.45,31.00,5.25,30.12,30.14,43.33,2019_3_8_18_9R,18,9R
265,2,4771,下寺秀和,26,広島,55,B1,5.21,30.39,5.88,41.18,37.63,40.32,2019_3_8_18_9R,18,9R
266,3,4287,今井貴士,34,福岡,55,A1,6.53,46.32,6.76,48.28,27.91,36.21,2019_3_8_18_9R,18,9R
267,4,4214,林祐介,34,岡山,56,A2,6.04,47.06,5.58,47.37,30.43,45.00,2019_3_8_18_9R,18,9R
268,5,4753,森照夫,30,福岡,58,B1,4.44,24.42,2.96,12.00,29.23,30.00,2019_3_8_18_9R,18,9R
269,6,3108,松本真吾,55,徳島,51,B1,3.86,14.58,4.09,22.41,23.20,30.00,2019_3_8_18_9R,18,9R
270,1,4222,山口高志,37,佐賀,51,A2,5.74,42.06,6.38,46.15,36.65,32.76,2019_3_8_18_10R,18,10R
271,2,4118,宇佐見淳,38,愛知,53,A2,5.86,38.79,6.35,51.35,28.83,30.95,2019_3_8_18_10R,18,10R
272,3,4902,山川雄大,26,兵庫,52,B1,4.64,27.40,3.39,22.22,36.19,24.19,2019_3_8_18_10R,18,10R
273,4,3636,坂野泰章,48,山口,50,B1,3.67,14.67,3.87,18.03,36.08,33.93,2019_3_8_18_10R,18,10R
274,5,3352,小川晃司,50,福岡,50,B1,5.16,27.27,4.38,14.29,41.12,26.32,2019_3_8_18_10R,18,10R
275,6,4497,桑原悠,31,長崎,50,A1,6.95,50.00,5.92,38.89,40.09,27.59,2019_3_8_18_10R,18,10R
276,1,3527,中嶋誠一,48,長崎,52,A2,5.67,35.19,6.68,50.00,30.73,35.48,2019_3_8_18_11R,18,11R
277,2,3211,北川敏弘,57,佐賀,55,B1,4.69,25.00,4.13,12.50,25.84,48.00,2019_3_8_18_11R,18,11R
278,3,4434,田中辰彦,32,広島,55,A2,5.42,33.94,5.65,35.14,28.19,32.76,2019_3_8_18_11R,18,11R
279,4,3879,中村格,46,岡山,57,B1,4.59,20.00,4.75,25.00,27.09,40.00,2019_3_8_18_11R,18,11R
280,5,3897,白井英治,42,山口,53,A1,7.93,58.33,8.31,68.97,33.66,30.51,2019_3_8_18_11R,18,11R
281,6,5067,山田真聖,20,山口,54,B2,1.51,0.00,1.11,0.00,30.28,32.20,2019_3_8_18_11R,18,11R
282,1,4547,中田竜太,30,埼玉,49,A1,6.71,41.67,8.50,50.00,40.10,42.37,2019_3_8_18_12R,18,12R
283,2,3502,渡邉英児,49,静岡,52,A1,6.93,51.59,6.33,33.33,41.46,17.65,2019_3_8_18_12R,18,12R
284,3,3703,鳥飼眞,45,福岡,52,A1,7.00,54.39,7.23,59.09,41.44,44.26,2019_3_8_18_12R,18,12R
285,4,4089,妹尾忠幸,38,岡山,55,A1,6.49,46.46,6.58,44.23,32.34,30.36,2019_3_8_18_12R,18,12R
286,5,4682,大上卓人,28,広島,51,A1,7.27,53.39,6.30,41.86,46.88,25.00,2019_3_8_18_12R,18,12R
287,6,4535,北山康介,29,東京,57,A2,6.21,42.86,7.32,57.89,27.72,32.14,2019_3_8_18_12R,18,12R
288,1,4677,片橋幸貴,30,滋賀,53,A2,6.22,49.06,5.55,31.67,37.27,27.03,2019_3_8_17_1R,17,1R
289,2,3567,吉岡誠,48,山口,54,B1,3.94,17.44,3.09,12.12,33.04,47.57,2019_3_8_17_1R,17,1R
290,3,3930,岸本隆,43,岡山,56,B1,5.40,35.38,5.27,31.75,34.51,34.23,2019_3_8_17_1R,17,1R
291,4,4955,福田慶尚,23,広島,54,B2,2.17,3.08,1.68,2.35,28.00,39.81,2019_3_8_17_1R,17,1R
292,5,4562,阪本勇介,31,岡山,55,B1,4.72,28.71,5.08,30.77,32.08,30.00,2019_3_8_17_1R,17,1R
293,6,4612,志々目裕,28,福岡,57,B2,3.45,11.90,4.35,20.00,36.94,42.72,2019_3_8_17_1R,17,1R
294,1,3824,中村智也,46,広島,51,B2,2.87,4.35,3.80,12.00,32.14,31.37,2019_3_8_17_2R,17,2R
295,2,3339,泉具巳,53,兵庫,56,B1,5.31,27.16,6.56,55.56,33.93,35.04,2019_3_8_17_2R,17,2R
296,3,3812,山崎聖司,43,東京,52,B1,4.53,27.37,6.27,45.45,29.57,37.76,2019_3_8_17_2R,17,2R
297,4,3658,阪本聖秀,44,大阪,52,B1,4.18,22.33,3.25,25.00,38.14,44.00,2019_3_8_17_2R,17,2R
298,5,4093,吉田宗弘,37,東京,49,B1,5.49,32.67,5.56,37.04,36.89,25.23,2019_3_8_17_2R,17,2R
299,6,4962,畑竜生,22,三重,51,B1,3.51,16.18,2.38,12.50,29.36,34.21,2019_3_8_17_2R,17,2R
300,1,3212,亀本勇樹,57,広島,59,A2,5.90,40.71,6.00,41.80,27.93,31.90,2019_3_8_17_3R,17,3R
301,2,4533,峰重侑治,30,岡山,53,B1,5.22,31.91,5.59,41.18,48.08,34.26,2019_3_8_17_3R,17,3R
302,3,4425,大井清貴,33,山口,52,B1,4.85,28.40,4.97,21.88,44.66,40.35,2019_3_8_17_3R,17,3R
303,4,4187,香川友尚,38,香川,52,B1,4.10,21.13,2.60,10.00,35.51,39.64,2019_3_8_17_3R,17,3R
304,5,3300,川崎智幸,51,岡山,52,A1,5.93,36.29,0.00,0.00,50.89,34.65,2019_3_8_17_3R,17,3R
305,6,3668,市川猛,47,広島,52,B1,3.96,20.48,4.65,25.00,36.45,28.41,2019_3_8_17_3R,17,3R
306,1,4600,井内将太,34,広島,52,A2,6.18,48.78,6.32,45.24,34.82,26.92,2019_3_8_17_4R,17,4R
307,2,3443,森秋光,49,岡山,57,B1,4.20,17.65,6.00,45.00,33.63,33.64,2019_3_8_17_4R,17,4R
308,3,3445,加藤高史,49,埼玉,55,A2,6.12,47.12,6.29,45.45,37.74,30.48,2019_3_8_17_4R,17,4R
309,4,3687,花田和明,49,愛知,54,A2,4.63,28.57,5.72,34.48,30.36,39.42,2019_3_8_17_4R,17,4R
310,5,4162,竹本太樹,37,大阪,52,B1,4.90,32.39,5.33,33.33,32.11,48.96,2019_3_8_17_4R,17,4R
311,6,4662,片山雅雄,36,滋賀,50,B2,3.75,12.50,5.12,29.41,28.41,37.14,2019_3_8_17_4R,17,4R
312,1,4388,是澤孝宏,33,滋賀,50,A2,6.31,44.86,5.77,40.91,50.00,29.13,2019_3_8_17_5R,17,5R
313,2,3825,宮嵜隆太,45,福岡,60,B1,4.34,27.27,4.35,23.08,36.08,29.52,2019_3_8_17_5R,17,5R
314,3,3261,大川茂実,55,岡山,51,B1,4.51,20.00,5.20,23.08,27.84,29.70,2019_3_8_17_5R,17,5R
315,4,3458,東健介,52,岡山,53,A2,5.40,37.86,5.34,34.48,33.33,38.26,2019_3_8_17_5R,17,5R
316,5,3699,富永正人,46,埼玉,53,A2,5.26,36.84,4.63,22.22,31.03,26.00,2019_3_8_17_5R,17,5R
317,6,4955,福田慶尚,23,広島,54,B2,2.17,3.08,1.68,2.35,28.00,39.81,2019_3_8_17_5R,17,5R
318,1,3612,馬袋義則,46,兵庫,53,A1,6.51,49.19,6.05,47.62,39.81,37.04,2019_3_8_17_6R,17,6R
319,2,4612,志々目裕,28,福岡,57,B2,3.45,11.90,4.35,20.00,36.94,42.72,2019_3_8_17_6R,17,6R
320,3,4489,岩川仁士,32,大阪,54,B1,4.56,21.35,4.18,17.65,30.84,40.35,2019_3_8_17_6R,17,6R
321,4,3256,三角哲男,52,東京,51,A1,7.40,62.30,6.37,42.11,33.33,28.45,2019_3_8_17_6R,17,6R
322,5,4962,畑竜生,22,三重,51,B1,3.51,16.18,2.38,12.50,29.36,34.21,2019_3_8_17_6R,17,6R
323,6,4562,阪本勇介,31,岡山,55,B1,4.72,28.71,5.08,30.77,32.08,30.00,2019_3_8_17_6R,17,6R
324,1,4734,安河内将,29,佐賀,52,A1,6.05,38.27,6.25,43.75,32.38,40.37,2019_3_8_17_7R,17,7R
325,2,3668,市川猛,47,広島,52,B1,3.96,20.48,4.65,25.00,36.45,28.41,2019_3_8_17_7R,17,7R
326,3,4174,赤坂俊輔,36,長崎,50,A1,6.56,45.83,7.10,57.14,47.00,38.68,2019_3_8_17_7R,17,7R
327,4,3824,中村智也,46,広島,51,B2,2.87,4.35,3.80,12.00,32.14,31.37,2019_3_8_17_7R,17,7R
328,5,3445,加藤高史,49,埼玉,55,A2,6.12,47.12,6.29,45.45,37.74,30.48,2019_3_8_17_7R,17,7R
329,6,3930,岸本隆,43,岡山,56,B1,5.40,35.38,5.27,31.75,34.51,34.23,2019_3_8_17_7R,17,7R
330,1,4072,森永淳,38,佐賀,52,A1,6.46,48.89,6.64,40.00,37.62,43.12,2019_3_8_17_8R,17,8R
331,2,3687,花田和明,49,愛知,54,A2,4.63,28.57,5.72,34.48,30.36,39.42,2019_3_8_17_8R,17,8R
332,3,4735,角山雄哉,28,兵庫,53,B1,5.01,29.41,2.92,16.67,37.61,38.94,2019_3_8_17_8R,17,8R
333,4,4662,片山雅雄,36,滋賀,50,B2,3.75,12.50,5.12,29.41,28.41,37.14,2019_3_8_17_8R,17,8R
334,5,3567,吉岡誠,48,山口,54,B1,3.94,17.44,3.09,12.12,33.04,47.57,2019_3_8_17_8R,17,8R
335,6,3300,川崎智幸,51,岡山,52,A1,5.93,36.29,0.00,0.00,50.89,34.65,2019_3_8_17_8R,17,8R
336,1,3458,東健介,52,岡山,53,A2,5.40,37.86,5.34,34.48,33.33,38.26,2019_3_8_17_9R,17,9R
337,2,3699,富永正人,46,埼玉,53,A2,5.26,36.84,4.63,22.22,31.03,25.00,2019_3_8_17_9R,17,9R
338,3,3339,泉具巳,53,兵庫,56,B1,5.31,27.16,6.56,55.56,33.93,35.04,2019_3_8_17_9R,17,9R
339,4,4309,坂口明義,35,香川,51,B2,3.46,7.32,3.31,15.38,28.57,45.36,2019_3_8_17_9R,17,9R
340,5,3812,山崎聖司,43,東京,52,B1,4.53,27.37,6.27,45.45,29.57,37.76,2019_3_8_17_9R,17,9R
341,6,4425,大井清貴,33,山口,52,B1,4.85,28.40,4.97,21.88,44.66,40.35,2019_3_8_17_9R,17,9R
342,1,3256,三角哲男,52,東京,51,A1,7.40,62.30,6.37,42.11,33.33,28.45,2019_3_8_17_10R,17,10R
343,2,4677,片橋幸貴,30,滋賀,53,A2,6.22,49.06,5.55,31.67,37.27,27.03,2019_3_8_17_10R,17,10R
344,3,4734,安河内将,29,佐賀,52,A1,6.05,38.27,6.25,43.75,32.38,40.37,2019_3_8_17_10R,17,10R
345,4,3261,大川茂実,55,岡山,51,B1,4.51,20.00,5.20,23.08,27.84,29.70,2019_3_8_17_10R,17,10R
346,5,3443,森秋光,49,岡山,57,B1,4.20,17.65,6.00,45.00,33.63,33.64,2019_3_8_17_10R,17,10R
347,6,3212,亀本勇樹,57,広島,59,A2,5.90,40.71,6.00,41.80,27.93,31.90,2019_3_8_17_10R,17,10R
348,1,4174,赤坂俊輔,36,長崎,50,A1,6.56,45.83,7.10,57.14,47.00,38.68,2019_3_8_17_11R,17,11R
349,2,4388,是澤孝宏,33,滋賀,50,A2,6.31,44.86,5.77,40.91,50.00,29.13,2019_3_8_17_11R,17,11R
350,3,3612,馬袋義則,46,兵庫,53,A1,6.51,49.19,6.05,47.62,39.81,37.04,2019_3_8_17_11R,17,11R
351,4,4600,井内将太,34,広島,52,A2,6.18,48.78,6.32,45.24,34.82,26.92,2019_3_8_17_11R,17,11R
352,5,4072,森永淳,38,佐賀,52,A1,6.46,48.89,6.64,40.00,37.62,43.12,2019_3_8_17_11R,17,11R
353,6,4533,峰重侑治,30,岡山,53,B1,5.22,31.91,5.59,41.18,48.08,34.26,2019_3_8_17_11R,17,11R
354,1,4205,山口剛,36,広島,52,A1,7.31,55.00,7.94,67.72,42.06,43.27,2019_3_8_17_12R,17,12R
355,2,3573,前本泰和,46,広島,51,A1,7.90,63.57,8.26,74.07,36.45,38.74,2019_3_8_17_12R,17,12R
356,3,4296,岡崎恭裕,32,福岡,49,A1,7.75,54.13,0.00,0.00,34.75,37.84,2019_3_8_17_12R,17,12R
357,4,3713,伊藤誠二,44,愛知,54,A2,5.88,40.63,7.15,55.00,40.74,34.75,2019_3_8_17_12R,17,12R
358,5,4311,岡村仁,35,大阪,54,A1,6.61,50.00,6.25,50.00,43.12,41.23,2019_3_8_17_12R,17,12R
359,6,3903,白石健,41,兵庫,52,A2,7.00,56.99,8.00,75.00,42.45,28.57,2019_3_8_17_12R,17,12R
360,1,4849,森田太陽,24,福岡,46,B1,4.23,22.64,2.44,4.00,53.85,0.00,2019_3_8_16_1R,16,1R
361,2,4243,西村歩,33,大阪,48,B1,5.70,38.55,7.43,66.67,27.91,0.00,2019_3_8_16_1R,16,1R
362,3,4447,深川麻奈,32,福岡,49,A2,5.88,41.00,5.56,44.44,35.90,0.00,2019_3_8_16_1R,16,1R
363,4,4183,宇野弥生,32,愛知,47,A2,5.77,40.35,6.94,54.84,23.68,0.00,2019_3_8_16_1R,16,1R
364,5,4501,樋口由加,31,岡山,45,A2,5.59,34.94,6.94,50.00,34.21,0.00,2019_3_8_16_1R,16,1R
365,6,3618,海野ゆか,45,広島,46,A1,6.90,51.28,6.22,42.00,46.34,0.00,2019_3_8_16_1R,16,1R
366,1,4927,関野文,25,大阪,45,B1,5.54,36.27,4.41,29.41,35.00,0.00,2019_3_8_16_2R,16,2R
367,2,4884,勝浦真帆,23,岡山,46,B1,4.59,25.62,3.76,17.65,42.11,0.00,2019_3_8_16_2R,16,2R
368,3,4313,西村美智,34,香川,48,A2,5.51,31.86,5.98,38.10,38.64,0.00,2019_3_8_16_2R,16,2R
369,4,4117,廣中智紗,38,東京,45,A1,6.39,45.19,6.24,38.10,41.03,0.00,2019_3_8_16_2R,16,2R
370,5,4530,小野生奈,30,福岡,47,A1,7.41,54.31,6.50,39.29,41.03,0.00,2019_3_8_16_2R,16,2R
371,6,4519,清水沙樹,32,東京,46,A2,5.23,35.51,5.00,26.67,27.78,0.00,2019_3_8_16_2R,16,2R
372,1,4726,島田なぎ,31,埼玉,46,A2,4.55,23.68,5.10,30.00,30.00,0.00,2019_3_8_16_3R,16,3R
373,2,4304,藤崎小百,35,福岡,47,A1,5.28,31.58,0.00,0.00,52.63,0.00,2019_3_8_16_3R,16,3R
374,3,4825,倉持莉々,25,東京,52,B1,5.35,33.82,5.00,21.43,46.15,0.00,2019_3_8_16_3R,16,3R
375,4,4443,津田裕絵,32,山口,48,A2,5.42,33.06,0.00,0.00,21.62,0.00,2019_3_8_16_3R,16,3R
376,5,4909,薮内瑞希,23,岡山,44,B1,4.09,20.39,3.04,14.86,42.11,0.00,2019_3_8_16_3R,16,3R
377,6,4482,守屋美穂,30,岡山,45,A1,6.88,53.64,7.13,50.63,43.24,0.00,2019_3_8_16_3R,16,3R
378,1,4764,小池礼乃,28,福岡,46,A2,5.10,32.38,0.00,0.00,20.00,0.00,2019_3_8_16_4R,16,4R
379,2,4843,深尾巴恵,26,群馬,46,B1,3.46,15.22,1.20,0.00,29.55,0.00,2019_3_8_16_4R,16,4R
380,3,4289,落合直子,34,大阪,48,A1,5.28,35.00,5.68,40.91,46.34,0.00,2019_3_8_16_4R,16,4R
381,4,4678,水野望美,30,愛知,46,A2,5.84,41.98,0.00,0.00,43.24,0.00,2019_3_8_16_4R,16,4R
382,5,4589,塩崎桐加,26,三重,50,A1,7.02,58.42,0.00,0.00,35.90,0.00,2019_3_8_16_4R,16,4R
383,6,3232,山川美由,52,香川,46,A1,7.13,58.33,5.82,36.36,39.02,0.00,2019_3_8_16_4R,16,4R
384,1,3674,岸恵子,46,徳島,47,A2,6.40,47.37,6.17,45.24,33.33,0.00,2019_3_8_16_5R,16,5R
385,2,4961,西橋奈未,22,福井,48,B1,4.97,32.00,1.89,0.00,39.47,0.00,2019_3_8_16_5R,16,5R
386,3,4399,松本晶恵,31,群馬,47,A1,6.30,43.62,4.56,11.11,42.11,0.00,2019_3_8_16_5R,16,5R
387,4,3435,寺田千恵,49,岡山,46,A1,7.26,56.03,6.78,48.28,31.58,0.00,2019_3_8_16_5R,16,5R
388,5,4804,高田ひか,24,三重,49,A2,6.01,43.90,5.25,25.00,22.22,0.00,2019_3_8_16_5R,16,5R
389,6,4501,樋口由加,31,岡山,45,A2,5.59,34.94,6.94,50.00,34.21,0.00,2019_3_8_16_5R,16,5R
390,1,4556,竹井奈美,29,福岡,47,A1,6.80,54.00,7.00,72.73,30.95,0.00,2019_3_8_16_6R,16,6R
391,2,4941,孫崎百世,30,滋賀,48,B1,4.64,24.44,1.11,0.00,39.13,0.00,2019_3_8_16_6R,16,6R
392,3,4050,田口節子,38,岡山,46,A1,6.75,49.51,6.89,52.78,41.86,0.00,2019_3_8_16_6R,16,6R
393,4,4045,佐々木裕,39,山口,46,A2,5.15,36.52,6.84,47.37,28.21,0.00,2019_3_8_16_6R,16,6R
394,5,4714,喜多須杏,28,徳島,50,B1,4.78,28.38,3.37,10.53,35.00,0.00,2019_3_8_16_6R,16,6R
395,6,3845,中谷朋子,42,兵庫,46,A1,6.45,46.15,6.50,57.89,41.03,0.00,2019_3_8_16_6R,16,6R
396,1,4304,藤崎小百,35,福岡,47,A1,5.28,31.58,0.00,0.00,52.63,0.00,2019_3_8_16_7R,16,7R
397,2,3188,日高逸子,57,福岡,47,A1,6.57,52.27,6.75,60.00,56.41,0.00,2019_3_8_16_7R,16,7R
398,3,4884,勝浦真帆,23,岡山,46,B1,4.59,25.62,3.76,17.65,42.11,0.00,2019_3_8_16_7R,16,7R
399,4,4190,長嶋万記,37,静岡,51,A1,6.29,42.39,7.35,58.33,42.86,0.00,2019_3_8_16_7R,16,7R
400,5,4758,富樫麗加,29,東京,51,A2,5.23,26.83,0.00,0.00,39.02,0.00,2019_3_8_16_7R,16,7R
401,6,4611,今井美亜,28,福井,46,A2,6.83,53.98,5.84,37.50,31.25,0.00,2019_3_8_16_7R,16,7R
402,1,3611,岩崎芳美,46,徳島,48,A1,6.17,43.88,6.00,50.00,30.77,0.00,2019_3_8_16_8R,16,8R
403,2,4726,島田なぎ,31,埼玉,46,A2,4.55,23.68,5.10,30.00,30.00,0.00,2019_3_8_16_8R,16,8R
404,3,4870,新田有理,27,広島,46,B1,5.04,28.00,2.89,7.14,35.90,0.00,2019_3_8_16_8R,16,8R
405,4,4502,遠藤エミ,31,滋賀,44,A1,7.10,53.74,6.48,41.94,26.32,0.00,2019_3_8_16_8R,16,8R
406,5,4117,廣中智紗,38,東京,45,A1,6.39,45.19,6.24,38.10,41.03,0.00,2019_3_8_16_8R,16,8R
407,6,4678,水野望美,30,愛知,46,A2,5.84,41.98,0.00,0.00,43.24,0.00,2019_3_8_16_8R,16,8R
408,1,4225,土屋千明,36,群馬,45,A1,5.82,36.46,3.20,10.00,48.39,0.00,2019_3_8_16_9R,16,9R
409,2,4519,清水沙樹,32,東京,46,A2,5.23,35.51,5.00,26.67,27.78,0.00,2019_3_8_16_9R,16,9R
410,3,4300,加藤綾,36,三重,48,B1,5.19,29.82,5.43,38.10,24.39,0.00,2019_3_8_16_9R,16,9R
411,4,4909,薮内瑞希,23,岡山,44,B1,4.09,20.39,3.04,14.86,42.11,0.00,2019_3_8_16_9R,16,9R
412,5,4885,大山千広,23,福岡,47,A1,6.99,56.43,5.91,34.09,56.41,0.00,2019_3_8_16_9R,16,9R
413,6,4804,高田ひか,24,三重,49,A2,6.01,43.90,5.25,25.00,22.22,0.00,2019_3_8_16_9R,16,9R
414,1,4443,津田裕絵,32,山口,48,A2,5.42,33.06,0.00,0.00,21.62,0.00,2019_3_8_16_10R,16,10R
415,2,3435,寺田千恵,49,岡山,46,A1,7.26,56.03,6.78,48.28,31.58,0.00,2019_3_8_16_10R,16,10R
416,3,4730,土屋実沙,30,静岡,45,A2,5.80,43.62,5.03,30.00,28.21,0.00,2019_3_8_16_10R,16,10R
417,4,4964,土屋南,22,岡山,47,B1,5.01,30.56,4.04,25.00,21.62,0.00,2019_3_8_16_10R,16,10R
418,5,3900,香川素子,42,滋賀,48,A2,5.83,41.58,5.80,30.00,64.10,0.00,2019_3_8_16_10R,16,10R
419,6,4123,細川裕子,37,愛知,46,A1,6.34,40.30,5.69,38.89,46.88,0.00,2019_3_8_16_10R,16,10R
420,1,4530,小野生奈,30,福岡,47,A1,7.41,54.31,6.50,39.29,41.03,0.00,2019_3_8_16_11R,16,11R
421,2,3845,中谷朋子,42,兵庫,46,A1,6.45,46.15,6.50,57.89,41.03,0.00,2019_3_8_16_11R,16,11R
422,3,4589,塩崎桐加,26,三重,50,A1,7.02,58.42,0.00,0.00,35.90,0.00,2019_3_8_16_11R,16,11R
423,4,4758,富樫麗加,29,東京,51,A2,5.23,26.83,0.00,0.00,39.02,0.00,2019_3_8_16_11R,16,11R
424,5,4961,西橋奈未,22,福井,48,B1,4.97,32.00,1.89,0.00,39.47,0.00,2019_3_8_16_11R,16,11R
425,6,4447,深川麻奈,32,福岡,49,A2,5.88,41.00,5.56,44.44,35.90,0.00,2019_3_8_16_11R,16,11R
426,1,4502,遠藤エミ,31,滋賀,44,A1,7.10,53.74,6.48,41.94,26.32,0.00,2019_3_8_16_12R,16,12R
427,2,3232,山川美由,52,香川,46,A1,7.13,58.33,5.82,36.36,39.02,0.00,2019_3_8_16_12R,16,12R
428,3,4611,今井美亜,28,福井,46,A2,6.83,53.98,5.84,37.50,31.25,0.00,2019_3_8_16_12R,16,12R
429,4,4050,田口節子,38,岡山,46,A1,6.75,49.51,6.89,52.78,41.86,0.00,2019_3_8_16_12R,16,12R
430,5,4183,宇野弥生,32,愛知,47,A2,5.77,40.35,6.94,54.84,23.68,0.00,2019_3_8_16_12R,16,12R
431,6,4825,倉持莉々,25,東京,52,B1,5.35,33.82,5.00,21.43,46.15,0.00,2019_3_8_16_12R,16,12R
432,1,4886,入海馨,23,岡山,54,A2,6.14,45.54,3.50,0.00,26.67,33.33,2019_3_8_15_1R,15,1R
433,2,4946,船越健吾,26,香川,52,B1,2.60,5.48,1.91,2.53,18.64,33.33,2019_3_8_15_1R,15,1R
434,3,4750,井上尚悟,31,大阪,51,B1,4.25,21.05,4.70,30.00,46.38,27.07,2019_3_8_15_1R,15,1R
435,4,4953,尾上雅也,24,埼玉,54,B1,3.84,15.87,0.00,0.00,28.13,30.23,2019_3_8_15_1R,15,1R
436,5,4863,三浦裕貴,30,東京,53,B1,4.43,15.71,0.00,0.00,34.43,36.76,2019_3_8_15_1R,15,1R
437,6,4980,佐々木完,22,山口,51,B1,3.62,6.06,5.57,57.14,37.70,32.86,2019_3_8_15_1R,15,1R
438,1,4793,金子萌,28,静岡,51,B1,5.18,30.77,5.57,28.57,11.63,35.07,2019_3_8_15_2R,15,2R
439,2,4875,大塚康雅,24,東京,50,B1,4.44,20.97,0.00,0.00,24.59,34.56,2019_3_8_15_2R,15,2R
440,3,4988,牟田奨太,21,静岡,55,B1,2.43,7.35,0.00,0.00,23.81,38.57,2019_3_8_15_2R,15,2R
441,4,4809,外崎悟,30,埼玉,51,B1,4.99,27.45,2.88,0.00,26.23,29.63,2019_3_8_15_2R,15,2R
442,5,5002,上田健太,23,愛知,51,B1,3.97,18.64,0.00,0.00,30.00,33.58,2019_3_8_15_2R,15,2R
443,6,5014,梶山涼斗,21,佐賀,53,B2,2.05,3.57,1.93,0.00,45.31,38.28,2019_3_8_15_2R,15,2R
444,1,4871,菊池宏志,26,山口,54,B1,3.46,14.08,1.73,0.00,31.82,37.78,2019_3_8_15_3R,15,3R
445,2,4943,八木治樹,27,愛知,54,B1,3.27,11.36,0.00,0.00,47.06,28.13,2019_3_8_15_3R,15,3R
446,3,4776,竹田和哉,25,香川,55,A2,5.91,39.45,5.85,41.12,50.00,32.06,2019_3_8_15_3R,15,3R
447,4,4931,木谷賢太,23,香川,52,B1,5.52,33.33,3.85,17.48,25.42,39.44,2019_3_8_15_3R,15,3R
448,5,4754,松尾充,30,三重,50,A2,6.18,42.34,3.91,27.27,34.33,26.72,2019_3_8_15_3R,15,3R
449,6,4822,百武翔,26,佐賀,50,A2,4.91,28.95,3.53,20.00,43.08,24.80,2019_3_8_15_3R,15,3R
450,1,4782,浜崎準也,32,岡山,51,B1,4.67,25.64,5.77,50.00,18.33,19.70,2019_3_8_15_4R,15,4R
451,2,4777,五十嵐一,35,山口,50,B2,3.80,21.43,4.05,21.05,21.05,34.78,2019_3_8_15_4R,15,4R
452,3,4772,石丸海渡,25,香川,55,A1,6.70,49.25,5.51,40.16,25.40,35.07,2019_3_8_15_4R,15,4R
453,4,4876,梅木敬太,24,福井,53,B1,4.85,27.78,3.33,11.11,40.63,39.57,2019_3_8_15_4R,15,4R
454,5,4759,今泉友吾,29,東京,52,A2,6.51,39.42,5.62,38.10,40.63,42.34,2019_3_8_15_4R,15,4R
455,6,4852,川原祐明,24,香川,50,A2,5.66,30.00,5.13,29.46,23.81,25.93,2019_3_8_15_4R,15,4R
456,1,4908,上田龍星,23,大阪,51,A2,6.09,44.95,1.33,0.00,23.33,29.10,2019_3_8_15_5R,15,5R
457,2,4847,佐藤隆太,24,東京,53,A2,5.89,46.39,5.83,50.00,23.33,38.62,2019_3_8_15_5R,15,5R
458,3,4939,宮之原輝,21,東京,51,A1,5.83,38.24,6.27,27.27,23.73,32.23,2019_3_8_15_5R,15,5R
459,4,4831,羽野直也,23,福岡,53,A1,5.97,33.01,6.50,46.43,48.44,31.82,2019_3_8_15_5R,15,5R
460,5,4803,飯田庄吾,25,福岡,56,B1,3.82,16.30,4.74,29.63,30.91,21.80,2019_3_8_15_5R,15,5R
461,6,5004,河野主樹,22,大阪,52,B2,1.97,3.33,0.00,0.00,21.05,35.29,2019_3_8_15_5R,15,5R
462,1,4778,堤啓輔,33,佐賀,52,B1,4.82,32.35,3.57,0.00,19.35,27.78,2019_3_8_15_6R,15,6R
463,2,4760,山崎郡,29,大阪,51,A1,6.39,43.86,6.89,61.11,6.52,38.62,2019_3_8_15_6R,15,6R
464,3,4793,金子萌,28,静岡,51,B1,5.18,30.77,5.57,28.57,11.63,27.61,2019_3_8_15_6R,15,6R
465,4,4583,古田祐貴,29,香川,51,A2,5.55,31.67,5.77,39.47,21.15,37.23,2019_3_8_15_6R,15,6R
466,5,4855,江頭賢太,23,長崎,54,A2,4.73,30.49,3.89,22.22,26.98,25.58,2019_3_8_15_6R,15,6R
467,6,4812,西野雄貴,29,徳島,51,A1,6.12,45.13,0.00,0.00,28.57,35.46,2019_3_8_15_6R,15,6R
468,1,4856,豊田健士,22,三重,53,A2,6.42,44.44,5.19,43.75,29.31,24.81,2019_3_8_15_7R,15,7R
469,2,4956,齊藤大将,23,東京,57,B1,2.06,0.00,0.00,0.00,46.77,27.74,2019_3_8_15_7R,15,7R
470,3,4822,百武翔,26,佐賀,50,A2,4.91,28.95,3.53,20.00,43.08,24.80,2019_3_8_15_7R,15,7R
471,4,4757,山田祐也,29,徳島,53,A1,6.61,50.42,4.56,24.00,34.92,31.39,2019_3_8_15_7R,15,7R
472,5,4875,大塚康雅,24,東京,50,B1,4.44,20.97,0.00,0.00,24.59,34.56,2019_3_8_15_7R,15,7R
473,6,4643,近江翔吾,26,香川,52,A1,6.04,41.67,6.54,50.84,52.46,34.07,2019_3_8_15_7R,15,7R
474,1,4786,佐藤博亮,30,愛知,53,A1,6.16,49.04,0.00,0.00,34.85,30.30,2019_3_8_15_8R,15,8R
475,2,4802,中田達也,25,福岡,52,A2,5.92,42.15,5.22,22.22,38.18,22.14,2019_3_8_15_8R,15,8R
476,3,4880,澤崎雄哉,23,東京,50,B1,4.77,25.00,0.00,0.00,20.34,32.06,2019_3_8_15_8R,15,8R
477,4,4817,渡邉翼,27,山口,48,A2,5.41,31.82,4.52,32.00,23.81,33.33,2019_3_8_15_8R,15,8R
478,5,4953,尾上雅也,24,埼玉,54,B1,3.84,15.87,0.00,0.00,28.13,30.23,2019_3_8_15_8R,15,8R
479,6,4981,牧山敦也,22,佐賀,51,B1,2.57,5.80,0.00,0.00,41.79,40.28,2019_3_8_15_8R,15,8R
480,1,4759,今泉友吾,29,東京,52,A2,6.51,39.42,5.62,38.10,40.63,42.34,2019_3_8_15_9R,15,9R
481,2,4772,石丸海渡,25,香川,55,A1,6.70,49.25,5.51,40.16,25.40,35.07,2019_3_8_15_9R,15,9R
482,3,4847,佐藤隆太,24,東京,53,A2,5.89,46.39,5.83,50.00,23.33,38.62,2019_3_8_15_9R,15,9R
483,4,4776,竹田和哉,25,香川,55,A2,5.91,39.45,5.85,41.12,50.00,32.06,2019_3_8_15_9R,15,9R
484,5,4908,上田龍星,23,大阪,51,A2,6.09,44.95,1.33,0.00,23.33,29.10,2019_3_8_15_9R,15,9R
485,6,4871,菊池宏志,26,山口,54,B1,3.46,14.08,1.73,0.00,31.82,37.78,2019_3_8_15_9R,15,9R
486,1,4757,山田祐也,29,徳島,53,A1,6.61,50.42,4.56,24.00,34.92,31.39,2019_3_8_15_10R,15,10R
487,2,4754,松尾充,30,三重,50,A2,6.18,42.34,3.91,27.27,34.33,26.72,2019_3_8_15_10R,15,10R
488,3,4583,古田祐貴,29,香川,51,A2,5.55,31.67,5.77,39.47,21.15,37.23,2019_3_8_15_10R,15,10R
489,4,4760,山崎郡,29,大阪,51,A1,6.39,43.86,6.89,61.11,6.52,38.62,2019_3_8_15_10R,15,10R
490,5,4939,宮之原輝,21,東京,51,A1,5.83,38.24,6.27,27.27,23.73,32.23,2019_3_8_15_10R,15,10R
491,6,4886,入海馨,23,岡山,54,A2,6.14,45.54,3.50,0.00,26.67,33.33,2019_3_8_15_10R,15,10R
492,1,4643,近江翔吾,26,香川,52,A1,6.04,41.67,6.54,50.84,52.46,34.07,2019_3_8_15_11R,15,11R
493,2,4931,木谷賢太,23,香川,52,B1,5.52,33.33,3.85,17.48,25.42,39.44,2019_3_8_15_11R,15,11R
494,3,4831,羽野直也,23,福岡,53,A1,5.97,33.01,6.50,46.43,48.44,31.82,2019_3_8_15_11R,15,11R
495,4,4786,佐藤博亮,30,愛知,53,A1,6.16,49.04,0.00,0.00,34.85,30.30,2019_3_8_15_11R,15,11R
496,5,4856,豊田健士,22,三重,53,A2,6.42,44.44,5.19,43.75,29.31,24.81,2019_3_8_15_11R,15,11R
497,6,4778,堤啓輔,33,佐賀,52,B1,4.82,32.35,3.57,0.00,19.35,27.78,2019_3_8_15_11R,15,11R
498,1,4802,中田達也,25,福岡,52,A2,5.92,42.15,5.22,22.22,38.18,22.14,2019_3_8_15_12R,15,12R
499,2,4876,梅木敬太,24,福井,53,B1,4.85,27.78,3.33,11.11,40.63,39.57,2019_3_8_15_12R,15,12R
500,3,4855,江頭賢太,23,長崎,54,A2,4.73,30.49,3.89,22.22,26.98,25.58,2019_3_8_15_12R,15,12R
501,4,4812,西野雄貴,29,徳島,51,A1,6.12,45.13,0.00,0.00,28.57,35.46,2019_3_8_15_12R,15,12R
502,5,4943,八木治樹,27,愛知,54,B1,3.27,11.36,0.00,0.00,47.06,28.13,2019_3_8_15_12R,15,12R
503,6,4750,井上尚悟,31,大阪,51,B1,4.25,21.05,4.70,30.00,46.38,27.07,2019_3_8_15_12R,15,12R
504,1,4004,山本浩輔,41,長崎,53,A2,5.19,32.97,6.59,50.00,38.71,31.02,2019_3_8_14_1R,14,1R
505,2,4252,松下哲也,35,福岡,51,B1,4.56,23.94,4.86,33.33,37.56,33.17,2019_3_8_14_1R,14,1R
506,3,3691,加藤知弘,48,群馬,58,B1,4.56,25.51,5.43,28.57,44.04,26.26,2019_3_8_14_1R,14,1R
507,4,4832,権藤俊光,32,大阪,53,A2,6.34,48.85,5.10,35.90,40.69,46.11,2019_3_8_14_1R,14,1R
508,5,4421,森作広大,30,東京,54,B1,4.41,21.59,2.00,0.00,30.69,30.21,2019_3_8_14_1R,14,1R
509,6,4974,安井瑞紀,25,岡山,50,B1,2.64,7.58,3.44,11.11,46.39,42.86,2019_3_8_14_1R,14,1R
510,1,4302,西野翔太,35,広島,53,A2,6.29,45.59,6.13,40.63,35.57,36.73,2019_3_8_14_2R,14,2R
511,2,4565,西村豪洋,31,愛知,52,B1,5.05,30.00,6.00,50.00,33.17,34.69,2019_3_8_14_2R,14,2R
512,3,4659,木下翔太,27,大阪,53,A1,7.11,46.96,8.46,76.92,35.07,32.14,2019_3_8_14_2R,14,2R
513,4,3686,鳥居塚孝,44,群馬,53,A1,6.35,44.36,6.39,39.13,35.29,41.75,2019_3_8_14_2R,14,2R
514,5,3585,井川真人,45,岡山,56,B1,4.51,22.52,4.64,22.73,36.60,35.71,2019_3_8_14_2R,14,2R
515,6,4794,和田拓也,28,兵庫,53,B1,5.42,35.71,5.46,37.84,27.27,30.43,2019_3_8_14_2R,14,2R
516,1,4710,福田宗平,29,大阪,52,A2,5.21,35.35,4.17,0.00,29.10,35.42,2019_3_8_14_3R,14,3R
517,2,4603,谷川将太,31,長崎,53,B1,4.70,27.78,5.44,39.02,35.47,40.41,2019_3_8_14_3R,14,3R
518,3,4633,森智也,29,兵庫,51,B1,5.15,31.40,5.59,35.29,35.53,30.15,2019_3_8_14_3R,14,3R
519,4,3673,小林享,46,群馬,56,B1,4.06,14.46,0.00,0.00,35.05,34.92,2019_3_8_14_3R,14,3R
520,5,3361,岡部浩,49,徳島,52,B1,4.97,24.74,5.42,34.97,46.01,31.77,2019_3_8_14_3R,14,3R
521,6,4088,野田祥子,38,長崎,47,B1,4.34,27.87,3.33,11.11,31.03,30.21,2019_3_8_14_3R,14,3R
522,1,3123,中西宏文,56,滋賀,50,B1,4.22,20.43,4.66,15.91,34.54,34.36,2019_3_8_14_4R,14,4R
523,2,4877,鈴谷一平,24,兵庫,56,B1,4.19,21.52,3.26,7.41,32.07,29.57,2019_3_8_14_4R,14,4R
524,3,4472,尾嶋一広,31,兵庫,57,A1,6.26,40.17,2.67,0.00,27.57,29.84,2019_3_8_14_4R,14,4R
525,4,4895,門間雄大,27,東京,53,B1,4.00,14.43,0.00,0.00,33.65,30.00,2019_3_8_14_4R,14,4R
526,5,4028,田村隆信,40,徳島,55,A1,7.36,48.31,7.73,61.11,46.01,29.47,2019_3_8_14_4R,14,4R
527,6,4148,枝尾賢,37,福岡,51,A1,6.38,45.28,6.85,51.85,30.66,36.98,2019_3_8_14_4R,14,4R
528,1,3579,中里優子,46,埼玉,48,A2,5.73,36.00,6.23,40.00,25.27,30.37,2019_3_8_14_5R,14,5R
529,2,4406,幸野史明,33,福岡,50,B1,4.21,20.00,6.00,38.89,30.23,31.18,2019_3_8_14_5R,14,5R
530,3,4564,山本景士,31,広島,53,B1,5.15,35.00,5.88,39.39,38.54,34.02,2019_3_8_14_5R,14,5R
531,4,4940,白石有美,20,東京,58,B2,1.91,1.82,1.39,0.00,32.52,32.12,2019_3_8_14_5R,14,5R
532,5,4453,永田郁弥,31,愛知,54,B1,4.00,25.77,4.88,25.00,33.33,35.05,2019_3_8_14_5R,14,5R
533,6,4202,浮田圭浩,36,岡山,54,B1,4.64,18.56,5.06,29.41,36.50,32.16,2019_3_8_14_5R,14,5R
534,1,3585,井川真人,45,岡山,56,B1,4.51,22.52,4.64,22.73,36.60,35.71,2019_3_8_14_6R,14,6R
535,2,4979,中野夢斗,22,愛知,51,B1,3.67,14.06,0.00,0.00,36.92,41.54,2019_3_8_14_6R,14,6R
536,3,4828,松山将吾,24,滋賀,51,A2,6.18,44.54,5.57,42.86,35.45,30.57,2019_3_8_14_6R,14,6R
537,4,4947,間庭菜摘,26,福岡,50,B2,2.04,4.35,1.50,0.00,31.94,35.20,2019_3_8_14_6R,14,6R
538,5,3691,加藤知弘,48,群馬,58,B1,4.56,25.51,5.43,28.57,44.04,26.26,2019_3_8_14_6R,14,6R
539,6,3716,石渡鉄兵,44,東京,54,A2,7.87,62.28,6.61,37.50,35.78,30.73,2019_3_8_14_6R,14,6R
540,1,3052,原田正己,56,徳島,52,B1,4.17,11.36,3.85,14.74,36.13,33.51,2019_3_8_14_7R,14,7R
541,2,3673,小林享,46,群馬,56,B1,4.06,14.46,0.00,0.00,35.05,34.92,2019_3_8_14_7R,14,7R
542,3,3331,新美恵一,50,愛知,52,A1,6.42,44.92,5.83,33.33,30.16,35.05,2019_3_8_14_7R,14,7R
543,4,4936,戸敷晃美,22,福岡,48,B1,3.57,8.33,1.25,0.00,45.37,34.55,2019_3_8_14_7R,14,7R
544,5,3940,飯山泰,41,東京,52,A1,5.42,32.99,6.89,42.86,40.89,38.07,2019_3_8_14_7R,14,7R
545,6,4826,井上一輝,24,大阪,50,A2,5.10,33.00,4.00,17.24,37.17,28.11,2019_3_8_14_7R,14,7R
546,1,3631,田添康介,49,長崎,56,A2,5.39,32.26,6.00,43.75,32.63,28.49,2019_3_8_14_8R,14,8R
547,2,4343,村岡賢,34,広島,55,B1,4.38,21.36,4.96,22.22,28.89,32.16,2019_3_8_14_8R,14,8R
548,3,4277,金田大輔,35,岡山,52,A2,4.84,34.48,4.06,18.18,39.04,38.34,2019_3_8_14_8R,14,8R
549,4,5003,来田衣織,22,兵庫,48,B2,2.30,4.55,0.00,0.00,28.36,30.61,2019_3_8_14_8R,14,8R
550,5,4252,松下哲也,35,福岡,51,B1,4.56,23.94,4.86,33.33,37.56,33.17,2019_3_8_14_8R,14,8R
551,6,3743,林美憲,44,徳島,51,A1,6.61,50.00,7.10,54.95,33.00,27.81,2019_3_8_14_8R,14,8R
552,1,3361,岡部浩,49,徳島,52,B1,4.97,24.74,5.42,34.97,46.01,31.77,2019_3_8_14_9R,14,9R
553,2,4421,森作広大,30,東京,54,B1,4.41,21.59,2.00,0.00,30.69,30.21,2019_3_8_14_9R,14,9R
554,3,4202,浮田圭浩,36,岡山,54,B1,4.64,18.56,5.06,29.41,36.50,32.16,2019_3_8_14_9R,14,9R
555,4,4565,西村豪洋,31,愛知,52,B1,5.05,30.00,6.00,50.00,33.17,34.69,2019_3_8_14_9R,14,9R
556,5,3579,中里優子,46,埼玉,48,A2,5.73,36.00,6.23,40.00,25.27,30.37,2019_3_8_14_9R,14,9R
557,6,2878,富山弘幸,60,大阪,58,A2,5.65,31.86,4.86,24.49,28.80,40.40,2019_3_8_14_9R,14,9R
558,1,3716,石渡鉄兵,44,東京,54,A2,7.87,62.28,6.61,37.50,35.78,30.73,2019_3_8_14_10R,14,10R
559,2,4028,田村隆信,40,徳島,55,A1,7.36,48.31,7.73,61.11,46.01,29.47,2019_3_8_14_10R,14,10R
560,3,3686,鳥居塚孝,44,群馬,53,A1,6.35,44.36,6.39,39.13,35.29,41.75,2019_3_8_14_10R,14,10R
561,4,4564,山本景士,31,広島,53,B1,5.15,35.00,5.88,39.39,38.54,34.02,2019_3_8_14_10R,14,10R
562,5,4828,松山将吾,24,滋賀,51,A2,6.18,44.54,5.57,42.86,35.45,30.57,2019_3_8_14_10R,14,10R
563,6,4710,福田宗平,29,大阪,52,A2,5.21,35.35,4.17,0.00,29.10,35.42,2019_3_8_14_10R,14,10R
564,1,4148,枝尾賢,37,福岡,51,A1,6.38,45.28,6.85,51.85,30.66,36.98,2019_3_8_14_11R,14,11R
565,2,4936,戸敷晃美,22,福岡,48,B1,3.57,8.33,1.25,0.00,45.37,34.55,2019_3_8_14_11R,14,11R
566,3,4302,西野翔太,35,広島,53,A2,6.29,45.59,6.13,40.63,35.57,36.73,2019_3_8_14_11R,14,11R
567,4,4472,尾嶋一広,31,兵庫,57,A1,6.26,40.17,2.67,0.00,27.57,29.84,2019_3_8_14_11R,14,11R
568,5,3052,原田正己,56,徳島,52,B1,4.17,11.36,3.85,14.74,36.13,33.51,2019_3_8_14_11R,14,11R
569,6,4406,幸野史明,33,福岡,50,B1,4.21,20.00,6.00,38.89,30.23,31.18,2019_3_8_14_11R,14,11R
570,1,3743,林美憲,44,徳島,51,A1,6.61,50.00,7.10,54.95,33.00,27.81,2019_3_8_14_12R,14,12R
571,2,3940,飯山泰,41,東京,52,A1,5.42,32.99,6.89,42.86,40.89,38.07,2019_3_8_14_12R,14,12R
572,3,4832,権藤俊光,32,大阪,53,A2,6.34,48.85,5.10,35.90,40.69,46.11,2019_3_8_14_12R,14,12R
573,4,4659,木下翔太,27,大阪,53,A1,7.11,46.96,8.46,76.92,35.07,32.14,2019_3_8_14_12R,14,12R
574,5,4277,金田大輔,35,岡山,52,A2,4.84,34.48,4.06,18.18,39.04,38.34,2019_3_8_14_12R,14,12R
575,6,4603,谷川将太,31,長崎,53,B1,4.70,27.78,5.44,39.02,35.47,40.41,2019_3_8_14_12R,14,12R
576,1,4254,川島圭司,35,滋賀,51,A2,5.42,32.91,5.93,43.05,35.80,29.01,2019_3_8_11_1R,11,1R
577,2,3916,深澤勉,44,群馬,53,B1,3.60,12.31,4.77,33.33,33.54,32.54,2019_3_8_11_1R,11,1R
578,3,3544,豊田訓靖,50,静岡,52,B1,4.46,23.60,7.00,54.55,40.57,36.42,2019_3_8_11_1R,11,1R
579,4,3593,横井光弘,50,長崎,56,B1,4.46,16.67,5.31,27.59,27.81,37.65,2019_3_8_11_1R,11,1R
580,5,5017,澤田尚也,20,滋賀,52,B1,4.30,17.14,3.35,6.45,28.98,34.29,2019_3_8_11_1R,11,1R
581,6,3660,長谷川親,49,香川,59,B1,4.33,17.50,4.56,22.22,27.84,36.26,2019_3_8_11_1R,11,1R
582,1,3580,水口由紀,46,滋賀,48,B1,4.69,21.43,5.88,39.32,30.56,25.60,2019_3_8_11_2R,11,2R
583,2,3254,柳澤千春,52,香川,47,B1,3.99,13.33,5.42,42.11,28.57,36.47,2019_3_8_11_2R,11,2R
584,3,4844,村上奈穂,26,広島,48,B1,4.42,22.68,3.00,11.11,26.95,33.53,2019_3_8_11_2R,11,2R
585,4,4998,中村かな,25,東京,45,B1,2.26,1.52,0.00,0.00,32.77,34.16,2019_3_8_11_2R,11,2R
586,5,4548,篠木亜衣,30,三重,48,B1,4.29,19.51,4.38,17.02,31.88,31.33,2019_3_8_11_2R,11,2R
587,6,4845,前田紗希,26,埼玉,50,B1,5.06,31.03,3.38,6.25,33.52,35.43,2019_3_8_11_2R,11,2R
588,1,4114,深澤達徳,38,東京,56,B1,4.74,22.62,4.50,20.00,36.72,31.82,2019_3_8_11_3R,11,3R
589,2,3584,佐々木英,46,広島,53,A2,5.56,36.30,5.20,29.27,23.31,39.77,2019_3_8_11_3R,11,3R
590,3,3839,川合理司,43,静岡,60,B1,4.32,23.38,4.55,28.57,29.45,50.00,2019_3_8_11_3R,11,3R
591,4,3563,堤昇,49,静岡,52,A2,6.04,41.73,6.00,36.73,36.61,32.56,2019_3_8_11_3R,11,3R
592,5,3546,中里昌志,49,埼玉,49,A2,5.35,30.51,4.72,31.03,33.88,23.23,2019_3_8_11_3R,11,3R
593,6,4020,川上清人,39,香川,62,B1,5.23,42.19,7.50,60.00,32.39,27.22,2019_3_8_11_3R,11,3R
594,1,4281,大澤大夢,35,埼玉,53,A2,6.12,43.41,4.71,26.47,31.21,31.76,2019_3_8_11_4R,11,4R
595,2,3575,田野邊秀,46,埼玉,54,B1,4.67,28.92,4.56,25.00,44.97,31.93,2019_3_8_11_4R,11,4R
596,3,4011,堀之内紀,39,岡山,46,A2,6.00,42.02,6.90,51.22,34.50,39.16,2019_3_8_11_4R,11,4R
597,4,4891,寺島美里,29,東京,46,B1,3.64,14.46,2.47,5.88,39.89,30.12,2019_3_8_11_4R,11,4R
598,5,4627,藤原菜希,32,東京,47,A2,5.98,42.31,5.50,42.31,33.53,40.48,2019_3_8_11_4R,11,4R
599,6,3246,星野政彦,54,兵庫,53,A2,5.09,26.92,3.71,14.29,36.04,33.95,2019_3_8_11_4R,11,4R
600,1,4413,水摩敦,32,福岡,50,A1,6.46,42.55,5.90,41.38,38.73,34.88,2019_3_8_11_5R,11,5R
601,2,3742,宮地秀祈,44,福岡,52,A2,5.49,38.36,5.91,43.48,27.42,27.81,2019_3_8_11_5R,11,5R
602,3,4219,本岡勝利,37,広島,58,B1,4.60,24.30,5.02,33.33,35.23,32.52,2019_3_8_11_5R,11,5R
603,4,3226,浦田信義,53,東京,51,B1,4.48,22.95,5.65,40.00,40.11,37.65,2019_3_8_11_5R,11,5R
604,5,3544,豊田訓靖,50,静岡,52,B1,4.46,23.60,7.00,54.55,40.57,36.42,2019_3_8_11_5R,11,5R
605,6,5045,平川香織,18,埼玉,47,B2,1.93,0.00,0.00,0.00,39.57,21.85,2019_3_8_11_5R,11,5R
606,1,4171,榎幸司,36,長崎,54,A1,6.38,43.24,4.56,22.22,37.31,25.77,2019_3_8_11_6R,11,6R
607,2,4844,村上奈穂,26,広島,48,B1,4.42,22.68,3.00,11.11,26.95,33.53,2019_3_8_11_6R,11,6R
608,3,3731,高濱芳久,45,広島,52,A2,5.70,40.31,0.00,0.00,26.71,20.13,2019_3_8_11_6R,11,6R
609,4,4306,畔柳俊吾,35,愛知,51,A2,5.41,41.46,6.24,47.62,33.52,28.66,2019_3_8_11_6R,11,6R
610,5,3580,水口由紀,46,滋賀,48,B1,4.69,21.43,5.88,39.32,30.56,25.60,2019_3_8_11_6R,11,6R
611,6,4987,島倉都,21,群馬,48,B2,1.98,3.64,2.25,0.00,31.64,31.88,2019_3_8_11_6R,11,6R
612,1,4099,吉永則雄,40,大阪,52,A1,6.70,51.96,5.39,33.33,33.33,44.81,2019_3_8_11_7R,11,7R
613,2,4544,松田大志,31,福岡,51,A1,7.44,62.63,6.60,40.00,24.08,26.45,2019_3_8_11_7R,11,7R
614,3,3593,横井光弘,50,長崎,56,B1,4.46,16.67,5.31,27.59,27.81,37.65,2019_3_8_11_7R,11,7R
615,4,3254,柳澤千春,52,香川,47,B1,3.99,13.33,5.42,42.11,28.57,36.47,2019_3_8_11_7R,11,7R
616,5,3575,田野邊秀,46,埼玉,54,B1,4.67,28.92,4.56,25.00,44.97,31.93,2019_3_8_11_7R,11,7R
617,6,3839,川合理司,43,静岡,60,B1,4.32,23.38,4.55,28.57,29.45,50.00,2019_3_8_11_7R,11,7R
618,1,4706,三浦洋次,30,愛知,50,A2,5.64,38.64,5.15,30.00,30.73,37.04,2019_3_8_11_8R,11,8R
619,2,3226,浦田信義,53,東京,51,B1,4.48,22.95,5.65,40.00,40.11,37.65,2019_3_8_11_8R,11,8R
620,3,4548,篠木亜衣,30,三重,48,B1,4.29,19.51,4.38,17.02,31.88,31.33,2019_3_8_11_8R,11,8R
621,4,3246,星野政彦,54,兵庫,53,A2,5.09,26.92,3.71,14.29,36.04,33.95,2019_3_8_11_8R,11,8R
622,5,3563,堤昇,49,静岡,52,A2,6.04,41.73,6.00,36.73,36.61,32.56,2019_3_8_11_8R,11,8R
623,6,4998,中村かな,25,東京,45,B1,2.26,1.52,0.00,0.00,32.77,34.16,2019_3_8_11_8R,11,8R
624,1,3731,高濱芳久,45,広島,52,A2,5.70,40.31,0.00,0.00,26.71,20.13,2019_3_8_11_9R,11,9R
625,2,4176,樋口喜彦,36,兵庫,54,B1,4.46,20.90,2.56,5.56,37.97,31.21,2019_3_8_11_9R,11,9R
626,3,4627,藤原菜希,32,東京,47,A2,5.98,42.31,5.50,42.31,33.53,40.48,2019_3_8_11_9R,11,9R
627,4,5017,澤田尚也,20,滋賀,52,B1,4.30,17.14,3.35,6.45,28.98,34.29,2019_3_8_11_9R,11,9R
628,5,4219,本岡勝利,37,広島,58,B1,4.60,24.30,5.02,33.33,35.23,32.52,2019_3_8_11_9R,11,9R
629,6,3546,中里昌志,49,埼玉,49,A2,5.35,30.51,4.72,31.03,33.88,23.23,2019_3_8_11_9R,11,9R
630,1,4011,堀之内紀,39,岡山,46,A2,6.00,42.02,6.90,51.22,34.50,39.16,2019_3_8_11_10R,11,10R
631,2,4099,吉永則雄,40,大阪,52,A1,6.70,51.96,5.39,33.33,33.33,44.81,2019_3_8_11_10R,11,10R
632,3,4254,川島圭司,35,滋賀,51,A2,5.42,32.91,5.93,43.05,35.80,29.01,2019_3_8_11_10R,11,10R
633,4,3742,宮地秀祈,44,福岡,52,A2,5.49,38.36,5.91,43.48,27.42,27.81,2019_3_8_11_10R,11,10R
634,5,4114,深澤達徳,38,東京,56,B1,4.74,22.62,4.50,20.00,36.72,31.82,2019_3_8_11_10R,11,10R
635,6,4171,榎幸司,36,長崎,54,A1,6.38,43.24,4.56,22.22,37.31,25.77,2019_3_8_11_10R,11,10R
636,1,4544,松田大志,31,福岡,51,A1,7.44,62.63,6.60,40.00,24.08,26.45,2019_3_8_11_11R,11,11R
637,2,4306,畔柳俊吾,35,愛知,51,A2,5.41,41.46,6.24,47.62,33.52,28.66,2019_3_8_11_11R,11,11R
638,3,4413,水摩敦,32,福岡,50,A1,6.46,42.55,5.90,41.38,38.73,34.88,2019_3_8_11_11R,11,11R
639,4,3916,深澤勉,44,群馬,53,B1,3.60,12.31,4.77,33.33,33.54,32.54,2019_3_8_11_11R,11,11R
640,5,4706,三浦洋次,30,愛知,50,A2,5.64,38.64,5.15,30.00,30.73,37.04,2019_3_8_11_11R,11,11R
641,6,4281,大澤大夢,35,埼玉,53,A2,6.12,43.41,4.71,26.47,31.21,31.76,2019_3_8_11_11R,11,11R
642,1,3721,守田俊介,43,滋賀,53,A1,7.95,66.67,7.78,66.46,25.90,30.19,2019_3_8_11_12R,11,12R
643,2,4566,塩田北斗,31,福岡,54,A1,5.96,42.86,5.67,33.33,35.14,39.08,2019_3_8_11_12R,11,12R
644,3,4189,川上剛,37,福岡,54,A1,6.38,47.22,6.67,49.12,41.71,25.48,2019_3_8_11_12R,11,12R
645,4,3159,江口晃生,54,群馬,55,A1,7.70,68.83,6.94,55.32,44.56,34.67,2019_3_8_11_12R,11,12R
646,5,3613,角谷健吾,46,東京,52,A1,6.33,41.49,7.89,66.67,28.22,30.86,2019_3_8_11_12R,11,12R
647,6,4427,秦英悟,33,大阪,52,A1,6.64,49.57,7.47,46.67,34.94,33.54,2019_3_8_11_12R,11,12R
648,1,4019,笠原亮,39,静岡,53,A1,6.56,45.13,5.44,22.22,45.28,22.77,2019_3_8_09_1R,09,1R
649,2,4917,岩橋裕馬,30,兵庫,52,B1,3.40,12.09,1.88,0.00,24.24,27.16,2019_3_8_09_1R,09,1R
650,3,4200,早川尚人,36,大阪,55,B1,4.38,22.00,4.45,10.34,26.32,42.00,2019_3_8_09_1R,09,1R
651,4,3085,川名稔,59,東京,51,B1,4.37,24.56,4.60,26.67,39.09,33.33,2019_3_8_09_1R,09,1R
652,5,3998,冨成謙児,39,佐賀,52,B1,4.91,29.00,0.00,0.00,37.37,44.44,2019_3_8_09_1R,09,1R
653,6,4068,幸田智裕,38,静岡,54,B1,5.28,29.90,5.43,39.29,22.62,40.52,2019_3_8_09_1R,09,1R
654,1,3823,本部真吾,46,三重,56,B1,4.61,27.19,4.74,28.04,26.15,28.57,2019_3_8_09_2R,09,2R
655,2,4182,吉田和仁,35,滋賀,58,B1,4.20,18.92,4.11,17.86,29.03,26.88,2019_3_8_09_2R,09,2R
656,3,3664,鈴木賢一,48,埼玉,59,B1,5.46,40.20,5.29,57.14,36.28,37.50,2019_3_8_09_2R,09,2R
657,4,3885,久田武,45,愛知,53,B1,4.84,23.91,5.69,44.44,10.71,33.33,2019_3_8_09_2R,09,2R
658,5,4056,小西英輝,40,福井,55,B1,4.74,31.82,4.98,27.08,34.82,34.02,2019_3_8_09_2R,09,2R
659,6,3867,松浦勝,43,愛知,54,B1,3.84,11.25,5.89,44.44,28.09,43.30,2019_3_8_09_2R,09,2R
660,1,4008,中尾誠,39,佐賀,51,B1,4.94,30.77,0.00,0.00,34.51,27.68,2019_3_8_09_3R,09,3R
661,2,4436,渋谷明憲,32,大阪,52,B1,5.90,43.90,5.48,40.91,43.52,30.61,2019_3_8_09_3R,09,3R
662,3,4269,杉山裕也,33,愛知,52,A1,6.81,48.28,6.00,37.50,37.86,32.14,2019_3_8_09_3R,09,3R
663,4,3814,金子貴志,43,福井,51,A2,6.03,42.74,6.21,45.83,30.28,29.67,2019_3_8_09_3R,09,3R
664,5,4006,小野勇作,40,佐賀,49,A2,5.52,34.40,5.44,41.03,20.79,38.33,2019_3_8_09_3R,09,3R
665,6,4261,岡祐臣,34,三重,54,B1,6.35,46.48,6.31,48.62,29.29,27.78,2019_3_8_09_3R,09,3R
666,1,3848,川上聡介,41,愛知,57,B1,5.78,37.27,5.31,33.33,36.94,35.00,2019_3_8_09_4R,09,4R
667,2,3929,杢野誓良,43,愛知,51,B1,5.84,41.28,5.26,40.74,37.72,18.67,2019_3_8_09_4R,09,4R
668,3,3838,伊藤啓三,43,埼玉,52,A2,6.18,46.77,6.21,45.83,34.65,30.10,2019_3_8_09_4R,09,4R
669,4,3548,室田泰史,49,福井,54,A2,5.09,34.88,6.56,45.83,33.65,38.71,2019_3_8_09_4R,09,4R
670,5,3744,徳増秀樹,44,静岡,53,A1,6.78,52.25,7.75,67.50,38.10,37.93,2019_3_8_09_4R,09,4R
671,6,4967,中村魁生,20,大阪,51,B2,4.71,22.22,4.17,22.22,38.74,31.96,2019_3_8_09_4R,09,4R
672,1,4448,青木玄太,32,滋賀,50,A1,6.56,50.00,5.69,23.08,25.53,44.26,2019_3_8_09_5R,09,5R
673,2,3697,勝野竜司,46,兵庫,52,B1,4.61,26.32,5.53,26.67,45.28,29.82,2019_3_8_09_5R,09,5R
674,3,4660,宇田川信,27,東京,53,B2,4.31,20.00,3.88,14.71,29.20,37.07,2019_3_8_09_5R,09,5R
675,4,4381,田路朋史,34,兵庫,51,B1,5.03,36.36,5.00,36.59,29.41,36.54,2019_3_8_09_5R,09,5R
676,5,3085,川名稔,59,東京,51,B1,4.37,24.56,4.60,26.67,39.09,33.33,2019_3_8_09_5R,09,5R
677,6,4321,岩田優一,33,静岡,51,B1,3.41,13.79,5.12,41.18,25.47,36.70,2019_3_8_09_5R,09,5R
678,1,3294,野中義生,53,静岡,53,B1,4.97,31.96,4.57,23.91,24.58,28.89,2019_3_8_09_6R,09,6R
679,2,3867,松浦勝,43,愛知,54,B1,3.84,11.25,5.89,44.44,28.09,43.30,2019_3_8_09_6R,09,6R
680,3,3656,伯母芳恒,45,東京,55,A2,6.35,43.94,5.91,42.86,30.34,27.66,2019_3_8_09_6R,09,6R
681,4,3702,貞兼淳二,45,福岡,57,A2,5.45,30.56,4.94,25.71,37.38,26.67,2019_3_8_09_6R,09,6R
682,5,2876,鈴木幸夫,61,愛知,52,B1,5.28,39.22,5.95,47.37,28.45,27.45,2019_3_8_09_6R,09,6R
683,6,3556,田中信一,46,大阪,53,A1,7.38,58.04,6.89,38.89,42.24,27.10,2019_3_8_09_6R,09,6R
684,1,4351,里岡右貴,32,福岡,55,A2,5.83,38.21,6.34,44.83,17.35,21.90,2019_3_8_09_7R,09,7R
685,2,4055,吉田俊彦,40,兵庫,52,A1,6.99,50.38,6.82,50.00,33.33,30.53,2019_3_8_09_7R,09,7R
686,3,4436,渋谷明憲,32,大阪,52,B1,5.90,43.90,5.48,40.91,43.52,30.61,2019_3_8_09_7R,09,7R
687,4,4917,岩橋裕馬,30,兵庫,52,B1,3.40,12.09,1.88,0.00,24.24,27.16,2019_3_8_09_7R,09,7R
688,5,4182,吉田和仁,35,滋賀,58,B1,4.20,18.92,4.11,17.86,29.03,26.88,2019_3_8_09_7R,09,7R
689,6,3853,岩崎正哉,46,福岡,57,A1,6.45,47.42,6.22,44.44,51.79,32.41,2019_3_8_09_7R,09,7R
690,1,3929,杢野誓良,43,愛知,51,B1,5.84,41.28,5.26,40.74,37.72,18.67,2019_3_8_09_8R,09,8R
691,2,4016,西川新太,39,愛知,53,A2,6.01,37.50,6.50,46.15,29.41,31.68,2019_3_8_09_8R,09,8R
692,3,3909,佐々木康,45,静岡,56,A1,7.03,55.86,6.90,54.00,35.00,27.59,2019_3_8_09_8R,09,8R
693,4,3823,本部真吾,46,三重,56,B1,4.61,27.19,4.74,28.04,26.15,28.57,2019_3_8_09_8R,09,8R
694,5,4068,幸田智裕,38,静岡,54,B1,5.28,29.90,5.43,39.29,22.62,40.52,2019_3_8_09_8R,09,8R
695,6,4578,藤山雅弘,29,大阪,53,A2,6.68,47.11,5.36,28.89,24.11,46.15,2019_3_8_09_8R,09,8R
696,1,4006,小野勇作,40,佐賀,49,A2,5.52,34.40,5.44,41.03,20.79,38.33,2019_3_8_09_9R,09,9R
697,2,4200,早川尚人,36,大阪,55,B1,4.38,22.00,4.45,10.34,26.32,42.00,2019_3_8_09_9R,09,9R
698,3,4056,小西英輝,40,福井,55,B1,4.74,31.82,4.98,27.08,34.82,34.02,2019_3_8_09_9R,09,9R
699,4,3572,安田政彦,47,兵庫,53,A1,6.17,45.97,6.75,59.09,21.62,37.50,2019_3_8_09_9R,09,9R
700,5,4321,岩田優一,33,静岡,51,B1,3.41,13.79,5.12,41.18,25.47,36.70,2019_3_8_09_9R,09,9R
701,6,3744,徳増秀樹,44,静岡,53,A1,6.78,52.25,7.75,67.50,38.10,37.93,2019_3_8_09_9R,09,9R
702,1,3656,伯母芳恒,45,東京,55,A2,6.35,43.94,5.91,42.86,30.34,27.66,2019_3_8_09_10R,09,10R
703,2,4019,笠原亮,39,静岡,53,A1,6.56,45.13,5.44,22.22,45.28,28.95,2019_3_8_09_10R,09,10R
704,3,3697,勝野竜司,46,兵庫,52,B1,4.61,26.32,5.53,26.67,45.28,29.82,2019_3_8_09_10R,09,10R
705,4,4043,桐本康臣,39,三重,54,A1,6.21,47.24,6.37,48.45,38.46,30.84,2019_3_8_09_10R,09,10R
706,5,4008,中尾誠,39,佐賀,51,B1,4.94,30.77,0.00,0.00,34.51,27.68,2019_3_8_09_10R,09,10R
707,6,3838,伊藤啓三,43,埼玉,52,A2,6.18,46.77,6.21,45.83,34.65,30.10,2019_3_8_09_10R,09,10R
708,1,3814,金子貴志,43,福井,51,A2,6.03,42.74,6.21,45.83,30.28,29.67,2019_3_8_09_11R,09,11R
709,2,4381,田路朋史,34,兵庫,51,B1,5.03,36.36,5.00,36.59,29.41,36.54,2019_3_8_09_11R,09,11R
710,3,3556,田中信一,46,大阪,53,A1,7.38,58.04,6.89,38.89,42.24,27.10,2019_3_8_09_11R,09,11R
711,4,3842,星野太郎,42,三重,51,A2,6.30,44.44,6.01,42.28,25.69,40.66,2019_3_8_09_11R,09,11R
712,5,3853,岩崎正哉,46,福岡,57,A1,6.45,47.42,6.22,44.44,51.79,32.41,2019_3_8_09_11R,09,11R
713,6,3548,室田泰史,49,福井,54,A2,5.09,34.88,6.56,45.83,33.65,38.71,2019_3_8_09_11R,09,11R
714,1,3909,佐々木康,45,静岡,56,A1,7.03,55.86,6.90,54.00,35.00,27.59,2019_3_8_09_12R,09,12R
715,2,4448,青木玄太,32,滋賀,50,A1,6.56,50.00,5.69,23.08,25.53,44.26,2019_3_8_09_12R,09,12R
716,3,4351,里岡右貴,32,福岡,55,A2,5.83,38.21,6.34,44.83,17.35,21.90,2019_3_8_09_12R,09,12R
717,4,3848,川上聡介,41,愛知,57,B1,5.78,37.27,5.31,33.33,36.94,35.00,2019_3_8_09_12R,09,12R
718,5,3702,貞兼淳二,45,福岡,57,A2,5.45,30.56,4.94,25.71,37.38,26.67,2019_3_8_09_12R,09,12R
719,6,4269,杉山裕也,33,愛知,52,A1,6.81,48.28,6.00,37.50,37.86,32.14,2019_3_8_09_12R,09,12R
720,1,4229,市川美宏,35,静岡,53,B1,4.31,19.61,4.20,16.83,36.89,31.68,2019_3_8_06_1R,06,1R
721,2,3928,林恵祐,43,福岡,58,B1,4.57,27.71,3.76,16.00,36.45,25.84,2019_3_8_06_1R,06,1R
722,3,4722,竹野未華,34,福岡,50,B2,3.83,17.14,3.56,12.50,38.14,34.09,2019_3_8_06_1R,06,1R
723,4,4904,松本一毅,24,大阪,52,B1,4.52,18.75,1.50,0.00,32.34,38.61,2019_3_8_06_1R,06,1R
724,5,4708,半田尚也,29,広島,55,B1,3.86,12.63,4.61,22.22,41.67,36.46,2019_3_8_06_1R,06,1R
725,6,3781,秋元誠,43,福井,57,B1,4.28,25.00,3.91,27.27,32.68,39.81,2019_3_8_06_1R,06,1R
726,1,3528,笠野友紀,47,愛知,48,B1,4.22,22.83,3.88,7.69,29.33,20.51,2019_3_8_06_2R,06,2R
727,2,3892,草場康幸,43,佐賀,53,A2,5.81,40.71,6.30,51.06,36.62,23.08,2019_3_8_06_2R,06,2R
728,3,3777,樋口亮,43,長崎,52,A1,6.00,42.45,4.88,29.17,39.72,36.27,2019_3_8_06_2R,06,2R
729,4,4023,柴田友和,41,福岡,51,B1,4.52,20.20,3.59,18.18,35.90,27.59,2019_3_8_06_2R,06,2R
730,5,3967,鈴木茂高,39,愛知,58,B1,5.67,38.32,7.43,42.86,39.73,22.97,2019_3_8_06_2R,06,2R
731,6,4401,小林泰,34,東京,53,A2,5.81,42.31,5.68,45.45,37.56,34.78,2019_3_8_06_2R,06,2R
732,1,3905,天野友和,41,愛知,54,B1,5.13,29.89,5.04,20.00,36.50,22.22,2019_3_8_06_3R,06,3R
733,2,3737,上平真二,45,広島,54,A1,7.19,52.04,6.22,22.22,38.89,33.66,2019_3_8_06_3R,06,3R
734,3,4933,板橋侑我,22,静岡,51,A2,5.70,38.61,5.11,32.29,42.59,44.12,2019_3_8_06_3R,06,3R
735,4,4775,千葉真弥,25,静岡,47,B1,5.09,30.00,4.56,22.22,36.99,40.00,2019_3_8_06_3R,06,3R
736,5,4428,有賀達也,33,埼玉,51,A2,6.11,43.48,4.96,33.33,30.69,17.58,2019_3_8_06_3R,06,3R
737,6,3508,久富政弘,47,佐賀,55,B1,5.42,30.91,5.23,33.33,28.14,30.86,2019_3_8_06_3R,06,3R
738,1,3679,飯島昌弘,45,埼玉,52,A1,6.69,50.94,7.43,59.46,27.66,33.01,2019_3_8_06_4R,06,4R
739,2,4244,鈴木成美,32,静岡,45,B1,4.91,28.57,5.03,30.30,32.72,40.70,2019_3_8_06_4R,06,4R
740,3,4332,村上彰一,35,福岡,56,B1,4.27,25.00,3.07,10.71,36.18,40.78,2019_3_8_06_4R,06,4R
741,4,4622,出村卓也,35,福井,51,B1,3.66,11.29,3.63,21.05,27.08,33.66,2019_3_8_06_4R,06,4R
742,5,4046,谷村啓司,39,福岡,53,B1,4.23,19.35,3.29,0.00,33.16,26.25,2019_3_8_06_4R,06,4R
743,6,3519,冨田秀幸,50,愛知,50,B1,4.90,28.05,4.72,28.00,26.96,24.00,2019_3_8_06_4R,06,4R
744,1,4094,中島真二,37,福岡,51,B1,4.70,22.58,5.33,22.22,38.35,35.00,2019_3_8_06_5R,06,5R
745,2,3602,奥平拓也,48,東京,52,A2,5.28,33.70,5.44,30.56,40.58,32.67,2019_3_8_06_5R,06,5R
746,3,4715,村上遼,26,長崎,51,A2,6.31,48.44,6.05,48.65,30.99,27.88,2019_3_8_06_5R,06,5R
747,4,4229,市川美宏,35,静岡,53,B1,4.31,19.61,4.20,16.83,36.89,31.68,2019_3_8_06_5R,06,5R
748,5,3963,原田秀弥,40,大阪,55,A2,6.35,47.66,5.45,27.27,35.78,22.89,2019_3_8_06_5R,06,5R
749,6,3635,石田政吾,48,福井,52,A1,5.88,42.45,7.47,46.67,34.45,27.27,2019_3_8_06_5R,06,5R
750,1,4081,樋口範政,40,愛知,56,B1,4.54,20.69,4.58,26.32,37.02,22.35,2019_3_8_06_6R,06,6R
751,2,4401,小林泰,34,東京,53,A2,5.81,42.31,5.68,45.45,37.56,34.78,2019_3_8_06_6R,06,6R
752,3,4144,石塚久也,37,埼玉,53,A1,7.19,59.32,6.37,42.86,26.52,44.23,2019_3_8_06_6R,06,6R
753,4,3715,倉尾大介,44,福岡,57,B1,5.29,27.50,5.35,43.48,45.21,23.46,2019_3_8_06_6R,06,6R
754,5,3616,中村真,46,福岡,54,A2,6.06,44.05,5.33,37.50,36.92,41.75,2019_3_8_06_6R,06,6R
755,6,4237,大峯豊,35,山口,54,A1,6.75,48.65,7.14,54.55,37.07,45.10,2019_3_8_06_6R,06,6R
756,1,4420,津久井拓,31,群馬,54,A2,2.88,12.50,0.00,0.00,37.86,31.00,2019_3_8_06_7R,06,7R
757,2,4765,野田部宏,28,福岡,50,B1,4.67,26.92,4.59,22.22,33.18,44.12,2019_3_8_06_7R,06,7R
758,3,4397,西村拓也,32,大阪,51,A1,7.95,63.72,6.53,47.06,35.48,24.21,2019_3_8_06_7R,06,7R
759,4,3928,林恵祐,43,福岡,58,B1,4.57,27.71,3.76,16.00,36.45,25.84,2019_3_8_06_7R,06,7R
760,5,4581,吉村誠,29,静岡,50,A2,5.57,36.04,5.79,37.30,39.73,30.77,2019_3_8_06_7R,06,7R
761,6,3892,草場康幸,43,佐賀,53,A2,5.81,40.71,6.30,51.06,36.62,23.08,2019_3_8_06_7R,06,7R
762,1,4017,向井美鈴,39,山口,46,A2,6.46,49.22,5.83,50.00,27.86,41.18,2019_3_8_06_8R,06,8R
763,2,4775,千葉真弥,25,静岡,47,B1,5.09,30.00,4.56,22.22,36.99,40.00,2019_3_8_06_8R,06,8R
764,3,4525,真子奈津,30,福岡,46,B1,4.78,31.08,4.53,29.41,28.63,29.41,2019_3_8_06_8R,06,8R
765,4,4722,竹野未華,34,福岡,50,B2,3.83,17.14,3.56,12.50,38.14,34.09,2019_3_8_06_8R,06,8R
766,5,4897,深見亜由,27,愛知,43,B1,3.78,17.19,3.45,17.24,36.65,25.27,2019_3_8_06_8R,06,8R
767,6,4244,鈴木成美,32,静岡,45,B1,4.91,28.57,5.03,30.30,32.72,40.70,2019_3_8_06_8R,06,8R
768,1,2930,新良一規,62,山口,52,A2,5.08,35.90,4.79,20.69,38.97,39.60,2019_3_8_06_9R,06,9R
769,2,3967,鈴木茂高,39,愛知,58,B1,5.67,38.32,7.43,42.86,39.73,22.97,2019_3_8_06_9R,06,9R
770,3,4046,谷村啓司,39,福岡,53,B1,4.23,19.35,3.29,0.00,33.16,26.25,2019_3_8_06_9R,06,9R
771,4,4168,石野貴之,36,大阪,51,A1,7.32,47.52,6.15,30.77,33.81,30.43,2019_3_8_06_9R,06,9R
772,5,4715,村上遼,26,長崎,51,A2,6.31,48.44,6.05,48.65,30.99,27.88,2019_3_8_06_9R,06,9R
773,6,4933,板橋侑我,22,静岡,51,A2,5.70,38.61,5.11,32.29,42.59,44.12,2019_3_8_06_9R,06,9R
774,1,4428,有賀達也,33,埼玉,51,A2,6.11,43.48,4.96,33.33,30.69,17.58,2019_3_8_06_10R,06,10R
775,2,4622,出村卓也,35,福井,51,B1,3.66,11.29,3.63,21.05,27.08,33.66,2019_3_8_06_10R,06,10R
776,3,4653,小野達哉,33,大阪,51,A1,6.84,53.52,5.76,43.48,46.73,25.25,2019_3_8_06_10R,06,10R
777,4,3528,笠野友紀,47,愛知,48,B1,4.22,22.83,3.88,7.69,29.33,20.51,2019_3_8_06_10R,06,10R
778,5,4144,石塚久也,37,埼玉,53,A1,7.19,59.32,6.37,42.86,26.52,34.26,2019_3_8_06_10R,06,10R
779,6,3602,奥平拓也,48,東京,52,A2,5.28,33.70,5.44,30.56,40.58,32.67,2019_3_8_06_10R,06,10R
780,1,3385,渡邉睦広,49,東京,53,A1,5.58,36.70,5.38,37.50,39.62,32.35,2019_3_8_06_11R,06,11R
781,2,3715,倉尾大介,44,福岡,57,B1,5.29,27.50,5.35,43.48,45.21,23.46,2019_3_8_06_11R,06,11R
782,3,3963,原田秀弥,40,大阪,55,A2,6.35,47.66,5.45,27.27,35.78,22.89,2019_3_8_06_11R,06,11R
783,4,4420,津久井拓,31,群馬,54,A2,2.88,12.50,0.00,0.00,37.86,31.00,2019_3_8_06_11R,06,11R
784,5,3905,天野友和,41,愛知,54,B1,5.13,29.89,5.04,20.00,36.50,22.22,2019_3_8_06_11R,06,11R
785,6,3777,樋口亮,43,長崎,52,A1,6.00,42.45,4.88,29.17,39.72,36.27,2019_3_8_06_11R,06,11R
786,1,4168,石野貴之,36,大阪,51,A1,7.32,47.52,6.15,30.77,33.81,30.43,2019_3_8_06_12R,06,12R
787,2,4237,大峯豊,35,山口,54,A1,6.75,48.65,7.14,54.55,37.07,45.10,2019_3_8_06_12R,06,12R
788,3,3635,石田政吾,48,福井,52,A1,5.88,42.45,7.47,46.67,34.45,27.27,2019_3_8_06_12R,06,12R
789,4,3679,飯島昌弘,45,埼玉,52,A1,6.69,50.94,7.43,59.46,27.66,33.01,2019_3_8_06_12R,06,12R
790,5,3737,上平真二,45,広島,54,A1,7.19,52.04,6.22,22.22,38.89,33.66,2019_3_8_06_12R,06,12R
791,6,4397,西村拓也,32,大阪,51,A1,7.95,63.72,6.53,47.06,35.48,24.21,2019_3_8_06_12R,06,12R
792,1,4637,中田友也,28,埼玉,57,B1,4.91,29.35,4.68,24.04,35.37,33.58,2019_3_8_02_1R,02,1R
793,2,3990,芹澤克彦,40,静岡,51,A2,5.53,40.51,6.50,50.00,37.24,36.69,2019_3_8_02_1R,02,1R
794,3,3360,原田富士,50,福岡,54,A2,6.13,45.45,6.53,53.33,36.18,36.03,2019_3_8_02_1R,02,1R
795,4,3643,米田隆弘,46,岡山,54,A2,5.53,28.85,4.80,20.00,31.03,34.31,2019_3_8_02_1R,02,1R
796,5,4615,板倉敦史,38,東京,54,B1,4.33,20.83,3.86,6.90,36.00,35.25,2019_3_8_02_1R,02,1R
797,6,3647,伊藤雄二,46,埼玉,51,B1,4.54,23.33,5.74,41.75,42.47,27.74,2019_3_8_02_1R,02,1R
798,1,4241,大串重幸,34,長崎,53,B1,4.82,26.88,6.00,35.71,42.45,28.06,2019_3_8_02_2R,02,2R
799,2,3893,汐崎正則,42,愛知,56,B1,5.13,27.00,5.13,26.67,46.97,37.41,2019_3_8_02_2R,02,2R
800,3,4390,松本弓雄,32,徳島,53,B1,4.69,26.88,5.04,37.50,30.66,40.77,2019_3_8_02_2R,02,2R
801,4,4290,稲田浩二,34,兵庫,50,A1,7.09,52.75,6.80,60.00,29.07,35.46,2019_3_8_02_2R,02,2R
802,5,4091,荒田泰明,38,埼玉,54,B1,4.93,27.63,4.39,22.54,27.03,32.82,2019_3_8_02_2R,02,2R
803,6,4258,関根彰人,35,埼玉,51,B1,5.23,29.11,4.96,32.14,35.63,31.62,2019_3_8_02_2R,02,2R
804,1,4137,君島秀三,38,滋賀,52,A1,7.05,60.00,6.32,50.00,26.76,32.61,2019_3_8_02_3R,02,3R
805,2,4762,藤原啓史,28,岡山,51,A2,6.43,50.00,0.00,0.00,32.10,26.09,2019_3_8_02_3R,02,3R
806,3,4063,市橋卓士,39,徳島,52,A1,6.66,43.20,6.97,47.22,38.81,27.48,2019_3_8_02_3R,02,3R
807,4,3889,須藤隆雄,43,群馬,54,B1,4.85,32.04,5.22,36.96,45.99,36.62,2019_3_8_02_3R,02,3R
808,5,3409,三好一,49,福井,56,A2,4.63,28.10,6.13,41.67,43.75,31.16,2019_3_8_02_3R,02,3R
809,6,3865,関道,44,埼玉,57,B1,4.72,25.35,5.06,27.18,30.23,40.88,2019_3_8_02_3R,02,3R
810,1,4152,深水慎一,38,東京,53,B1,5.38,38.27,5.29,32.26,32.74,28.79,2019_3_8_02_4R,02,4R
811,2,4382,高山智至,34,滋賀,56,A2,5.67,35.44,5.62,34.62,36.67,25.00,2019_3_8_02_4R,02,4R
812,3,4424,松尾昂明,33,福岡,51,A1,6.82,51.76,7.03,50.00,42.38,38.62,2019_3_8_02_4R,02,4R
813,4,3484,芝田浩治,47,兵庫,53,A1,6.97,55.22,7.78,68.75,27.65,24.48,2019_3_8_02_4R,02,4R
814,5,4488,小山勉,32,埼玉,53,A1,5.84,40.40,6.25,49.40,32.70,29.93,2019_3_8_02_4R,02,4R
815,6,4857,加藤翔馬,21,兵庫,56,B1,5.24,35.23,3.65,20.00,29.80,27.66,2019_3_8_02_4R,02,4R
816,1,4003,表憲一,41,福井,54,A2,5.73,36.28,5.65,30.77,35.88,35.71,2019_3_8_02_5R,02,5R
817,2,3643,米田隆弘,46,岡山,54,A2,5.53,28.85,4.80,20.00,31.03,34.31,2019_3_8_02_5R,02,5R
818,3,4494,河合佑樹,31,静岡,50,A1,7.08,56.48,7.09,63.64,50.32,36.09,2019_3_8_02_5R,02,5R
819,4,3454,井川大作,48,岡山,59,B1,5.39,32.04,5.81,47.62,33.55,36.43,2019_3_8_02_5R,02,5R
820,5,4787,椎名豊,30,群馬,52,A1,5.96,42.17,7.26,65.22,34.18,31.21,2019_3_8_02_5R,02,5R
821,6,4103,山崎善庸,39,埼玉,52,B1,4.54,22.47,5.52,35.29,28.00,32.59,2019_3_8_02_5R,02,5R
822,1,3637,齋藤和政,48,愛知,54,B1,4.84,27.71,5.25,29.17,44.44,28.47,2019_3_8_02_6R,02,6R
823,2,4615,板倉敦史,38,東京,54,B1,4.33,20.83,3.86,6.90,36.00,35.25,2019_3_8_02_6R,02,6R
824,3,3882,新田智彰,45,大阪,56,A2,4.81,27.68,5.16,36.00,30.51,32.86,2019_3_8_02_6R,02,6R
825,4,4336,松田竜馬,35,福岡,54,A2,6.75,53.54,5.72,40.43,34.66,35.46,2019_3_8_02_6R,02,6R
826,5,4167,片岡秀樹,36,徳島,58,B1,4.97,30.30,0.00,0.00,35.29,29.86,2019_3_8_02_6R,02,6R
827,6,3251,平石和男,52,埼玉,50,A1,6.39,43.10,6.22,40.96,35.07,42.99,2019_3_8_02_6R,02,6R
828,1,3555,野添貴裕,46,大阪,54,A1,6.49,45.53,7.18,58.82,27.05,35.25,2019_3_8_02_7R,02,7R
829,2,4058,野末智一,40,静岡,50,B1,5.67,36.94,5.45,31.82,51.59,34.09,2019_3_8_02_7R,02,7R
830,3,3889,須藤隆雄,43,群馬,54,B1,4.85,32.04,5.22,36.96,45.99,36.62,2019_3_8_02_7R,02,7R
831,4,3647,伊藤雄二,46,埼玉,51,B1,4.54,23.33,5.74,41.75,42.47,27.74,2019_3_8_02_7R,02,7R
832,5,4241,大串重幸,34,長崎,53,B1,4.82,26.88,6.00,35.71,42.45,28.06,2019_3_8_02_7R,02,7R
833,6,3353,前田光昭,50,埼玉,51,B1,5.02,34.68,5.54,38.04,41.22,28.47,2019_3_8_02_7R,02,7R
834,1,3484,芝田浩治,47,兵庫,53,A1,6.97,55.22,7.78,68.75,27.65,24.48,2019_3_8_02_8R,02,8R
835,2,4003,表憲一,41,福井,54,A2,5.73,36.28,5.65,30.77,35.88,35.71,2019_3_8_02_8R,02,8R
836,3,3865,関道,44,埼玉,57,B1,4.72,25.35,5.06,27.18,30.23,40.88,2019_3_8_02_8R,02,8R
837,4,3606,川北浩貴,47,滋賀,51,A1,7.87,68.93,6.96,56.52,30.77,33.33,2019_3_8_02_8R,02,8R
838,5,4848,仲谷颯仁,24,福岡,51,A1,6.93,43.93,9.13,100.00,30.96,39.01,2019_3_8_02_8R,02,8R
839,6,4091,荒田泰明,38,埼玉,54,B1,4.93,27.63,4.39,22.54,27.03,32.82,2019_3_8_02_8R,02,8R
840,1,3990,芹澤克彦,40,静岡,51,A2,5.53,40.51,6.50,50.00,37.24,36.69,2019_3_8_02_9R,02,9R
841,2,4137,君島秀三,38,滋賀,52,A1,7.05,60.00,6.32,50.00,26.76,32.61,2019_3_8_02_9R,02,9R
842,3,4382,高山智至,34,滋賀,56,A2,5.67,35.44,5.62,34.62,36.67,25.00,2019_3_8_02_9R,02,9R
843,4,4103,山崎善庸,39,埼玉,52,B1,4.54,22.47,5.52,35.29,28.00,32.59,2019_3_8_02_9R,02,9R
844,5,4353,下出秀明,30,福井,61,B1,4.55,22.68,0.00,0.00,34.25,41.43,2019_3_8_02_9R,02,9R
845,6,3843,上之晃弘,42,長崎,54,A2,5.39,36.84,4.57,0.00,27.88,30.99,2019_3_8_02_9R,02,9R
846,1,4748,渡邉雄朗,32,東京,53,A2,6.28,46.88,5.18,25.00,42.64,45.35,2019_3_8_02_10R,02,10R
847,2,4204,柴田大輔,36,福岡,52,B1,5.23,31.33,4.65,26.92,42.65,35.71,2019_3_8_02_10R,02,10R
848,3,3251,平石和男,52,埼玉,50,A1,6.39,43.10,6.22,40.96,35.07,42.99,2019_3_8_02_10R,02,10R
849,4,4787,椎名豊,30,群馬,52,A1,5.96,42.17,7.26,65.22,34.18,31.21,2019_3_8_02_10R,02,10R
850,5,3893,汐崎正則,42,愛知,56,B1,5.13,27.00,5.13,26.67,46.97,37.41,2019_3_8_02_10R,02,10R
851,6,3360,原田富士,50,福岡,54,A2,6.13,45.45,6.53,53.33,36.18,36.03,2019_3_8_02_10R,02,10R
852,1,4290,稲田浩二,34,兵庫,50,A1,7.09,52.75,6.80,60.00,29.07,35.46,2019_3_8_02_11R,02,11R
853,2,4637,中田友也,28,埼玉,57,B1,4.91,29.35,4.68,24.04,35.37,33.58,2019_3_8_02_11R,02,11R
854,3,3637,齋藤和政,48,愛知,54,B1,4.84,27.71,5.25,29.17,44.44,28.47,2019_3_8_02_11R,02,11R
855,4,4848,仲谷颯仁,24,福岡,51,A1,6.93,43.93,9.13,100.00,30.96,39.01,2019_3_8_02_11R,02,11R
856,5,4424,松尾昂明,33,福岡,51,A1,6.82,51.76,7.03,50.00,42.38,38.62,2019_3_8_02_11R,02,11R
857,6,4063,市橋卓士,39,徳島,52,A1,6.66,43.20,6.97,47.22,38.81,27.48,2019_3_8_02_11R,02,11R
858,1,4494,河合佑樹,31,静岡,50,A1,7.08,56.48,7.09,63.64,50.32,36.09,2019_3_8_02_12R,02,12R
859,2,4044,湯川浩司,39,大阪,51,A1,6.99,40.00,6.06,38.89,39.71,24.63,2019_3_8_02_12R,02,12R
860,3,4488,小山勉,32,埼玉,53,A1,5.84,40.40,6.25,49.40,32.70,29.93,2019_3_8_02_12R,02,12R
861,4,4167,片岡秀樹,36,徳島,58,B1,4.97,30.30,0.00,0.00,35.29,29.86,2019_3_8_02_12R,02,12R
862,5,4467,渡邉俊介,32,愛知,50,B1,5.29,31.03,6.81,57.14,33.14,35.56,2019_3_8_02_12R,02,12R
863,6,4762,藤原啓史,28,岡山,51,A2,6.43,50.00,0.00,0.00,32.10,26.09,2019_3_8_02_12R,02,12R
864,1,4766,石井孝之,28,群馬,55,B2,3.56,9.76,3.70,15.79,37.21,22.06,2019_3_8_01_1R,01,1R
865,2,3408,大貫英治,49,東京,53,B2,3.20,8.16,2.81,0.00,32.61,40.85,2019_3_8_01_1R,01,1R
866,3,4160,浅野由将,37,愛知,55,B2,3.09,8.62,3.69,17.14,28.57,23.08,2019_3_8_01_1R,01,1R
867,4,4133,高橋正男,38,兵庫,53,A1,7.05,61.40,5.14,28.57,42.22,31.82,2019_3_8_01_1R,01,1R
868,5,4665,加藤啓太,35,愛知,53,B1,4.36,21.05,2.53,0.00,33.33,35.29,2019_3_8_01_1R,01,1R
869,6,4921,二宮博貴,27,東京,53,B1,3.12,14.00,1.88,0.00,48.89,31.94,2019_3_8_01_1R,01,1R
870,1,4732,堀本和也,29,徳島,54,A2,5.94,42.52,5.31,30.77,26.19,51.52,2019_3_8_01_2R,01,2R
871,2,3347,矢後剛,52,東京,53,A2,7.19,56.59,6.75,39.29,32.56,27.94,2019_3_8_01_2R,01,2R
872,3,3736,岡本猛,45,大阪,51,A1,6.03,41.46,5.38,35.71,32.61,44.12,2019_3_8_01_2R,01,2R
873,4,3537,田山和広,51,福岡,57,B1,4.52,22.08,4.17,22.22,28.57,39.13,2019_3_8_01_2R,01,2R
874,5,4299,中島浩哉,36,長崎,56,B1,4.63,24.04,4.78,22.22,34.78,36.99,2019_3_8_01_2R,01,2R
875,6,3820,樫葉次郎,46,徳島,59,B1,4.40,24.29,4.29,14.29,38.64,29.85,2019_3_8_01_2R,01,2R
876,1,4504,前田将太,30,福岡,53,A1,7.02,50.45,7.74,63.16,28.57,29.23,2019_3_8_01_3R,01,3R
877,2,4257,古川健,35,広島,51,A2,4.99,34.65,4.70,36.36,50.00,44.62,2019_3_8_01_3R,01,3R
878,3,4405,南野利騰,33,福井,51,B1,4.40,22.68,2.65,4.35,35.19,33.33,2019_3_8_01_3R,01,3R
879,4,4769,馬場剛,26,東京,50,A2,5.35,39.56,5.32,28.00,42.55,32.39,2019_3_8_01_3R,01,3R
880,5,3503,堂原洋史,49,埼玉,51,B1,4.52,27.59,5.69,46.15,37.25,28.99,2019_3_8_01_3R,01,3R
881,6,4679,植田太一,29,福岡,57,A2,5.81,40.86,6.86,42.86,38.30,40.00,2019_3_8_01_3R,01,3R
882,1,4739,中村晃朋,27,香川,52,A1,6.37,47.83,4.50,25.00,38.64,23.08,2019_3_8_01_4R,01,4R
883,2,4407,鹿島敏弘,33,群馬,56,B1,4.60,24.00,5.80,41.35,27.91,23.19,2019_3_8_01_4R,01,4R
884,3,4159,向後龍一,37,埼玉,51,A2,5.79,38.54,7.25,50.00,40.00,25.00,2019_3_8_01_4R,01,4R
885,4,4928,栗城匠,23,東京,52,A2,3.70,21.21,4.88,28.13,34.78,30.00,2019_3_8_01_4R,01,4R
886,5,4833,吉崎悠司,31,福井,54,B1,4.76,29.49,3.88,12.50,27.91,33.85,2019_3_8_01_4R,01,4R
887,6,4039,村上功祐,40,大阪,58,B1,5.56,40.43,5.59,45.45,71.11,27.14,2019_3_8_01_4R,01,4R
888,1,3568,木村光宏,48,香川,53,A1,6.80,54.84,6.50,50.00,58.97,33.85,2019_3_8_01_5R,01,5R
889,2,4674,池田剛規,31,福岡,52,B1,4.23,29.41,4.08,30.77,44.44,44.29,2019_3_8_01_5R,01,5R
890,3,4110,小澤和也,38,埼玉,57,B1,3.84,11.76,4.47,23.26,35.00,39.44,2019_3_8_01_5R,01,5R
891,4,4514,上條嘉嗣,29,大阪,54,A2,5.54,30.85,7.13,50.00,59.09,39.71,2019_3_8_01_5R,01,5R
892,5,4587,木田峰由,28,福井,52,A2,5.55,33.87,6.26,57.89,36.59,44.12,2019_3_8_01_5R,01,5R
893,6,3622,山崎智也,44,群馬,54,A1,6.84,43.40,7.75,58.09,46.81,43.94,2019_3_8_01_5R,01,5R
894,1,4266,長田頼宗,33,東京,53,A1,6.08,33.71,7.52,44.44,28.26,28.36,2019_3_8_01_6R,01,6R
895,2,3539,金子順一,50,山口,52,B1,4.09,20.41,4.67,33.33,34.00,30.00,2019_3_8_01_6R,01,6R
896,3,4729,佐藤謙史,30,福岡,56,B1,4.13,16.00,4.63,12.50,37.74,24.24,2019_3_8_01_6R,01,6R
897,4,3583,齋藤智裕,46,埼玉,57,B1,4.19,15.48,4.15,11.54,42.11,48.53,2019_3_8_01_6R,01,6R
898,5,4041,小林基樹,39,山口,53,B1,4.57,22.62,4.72,28.00,36.84,50.00,2019_3_8_01_6R,01,6R
899,6,5066,鈴木孝明,20,埼玉,57,B2,1.44,0.00,0.00,0.00,36.17,25.76,2019_3_8_01_6R,01,6R
900,1,3997,北村征嗣,39,大阪,54,A1,6.46,42.71,6.83,47.92,30.00,24.24,2019_3_8_01_7R,01,7R
901,2,3873,別府昌樹,42,広島,51,A2,6.24,43.08,5.51,41.03,33.33,30.77,2019_3_8_01_7R,01,7R
902,3,3537,田山和広,51,福岡,57,B1,4.52,22.08,4.17,22.22,28.57,39.13,2019_3_8_01_7R,01,7R
903,4,4679,植田太一,29,福岡,57,A2,5.81,40.86,6.86,42.86,38.30,40.00,2019_3_8_01_7R,01,7R
904,5,4034,西原明生,40,香川,54,B1,4.64,27.78,0.00,0.00,46.81,23.94,2019_3_8_01_7R,01,7R
905,6,3529,松本勝也,47,兵庫,51,A1,6.45,48.89,7.63,57.89,40.00,28.57,2019_3_8_01_7R,01,7R
906,1,4301,関裕也,35,福岡,51,A1,6.02,41.00,7.09,45.45,43.48,37.10,2019_3_8_01_8R,01,8R
907,2,3503,堂原洋史,49,埼玉,51,B1,4.52,27.59,5.69,46.15,37.25,28.99,2019_3_8_01_8R,01,8R
908,3,4695,尾崎雄二,33,長崎,53,B1,4.13,21.88,4.42,15.79,37.78,32.35,2019_3_8_01_8R,01,8R
909,4,4142,平野和明,37,愛知,51,B1,5.90,40.00,5.92,40.00,36.59,44.93,2019_3_8_01_8R,01,8R
910,5,4415,下出卓矢,32,福井,55,A1,6.38,43.81,5.47,31.58,31.91,33.33,2019_3_8_01_8R,01,8R
911,6,4912,中山将太,23,福井,54,B1,4.22,24.42,5.00,37.50,34.04,41.54,2019_3_8_01_8R,01,8R
912,1,4039,村上功祐,40,大阪,58,B1,5.56,40.43,5.59,45.45,71.11,27.14,2019_3_8_01_9R,01,9R
913,2,3568,木村光宏,48,香川,53,A1,6.80,54.84,6.50,50.00,58.97,33.85,2019_3_8_01_9R,01,9R
914,3,4514,上條嘉嗣,29,大阪,54,A2,5.54,30.85,7.13,50.00,59.09,39.71,2019_3_8_01_9R,01,9R
915,4,4739,中村晃朋,27,香川,52,A1,6.37,47.83,4.50,25.00,38.64,23.08,2019_3_8_01_9R,01,9R
916,5,4257,古川健,35,広島,51,A2,4.99,34.65,4.70,36.36,50.00,44.62,2019_3_8_01_9R,01,9R
917,6,4732,堀本和也,29,徳島,54,A2,5.94,42.52,5.31,30.77,26.19,51.52,2019_3_8_01_9R,01,9R
918,1,3622,山崎智也,44,群馬,54,A1,6.84,43.40,7.75,58.09,46.81,43.94,2019_3_8_01_10R,01,10R
919,2,4159,向後龍一,37,埼玉,51,A2,5.79,38.54,7.25,50.00,40.00,25.00,2019_3_8_01_10R,01,10R
920,3,3997,北村征嗣,39,大阪,54,A1,6.46,42.71,6.83,47.92,30.00,24.24,2019_3_8_01_10R,01,10R
921,4,4405,南野利騰,33,福井,51,B1,4.40,22.68,2.65,4.35,35.19,33.33,2019_3_8_01_10R,01,10R
922,5,4266,長田頼宗,33,東京,53,A1,6.08,33.71,7.52,44.44,28.26,28.36,2019_3_8_01_10R,01,10R
923,6,3736,岡本猛,45,大阪,51,A1,6.03,41.46,5.38,35.71,32.61,44.12,2019_3_8_01_10R,01,10R
924,1,3529,松本勝也,47,兵庫,51,A1,6.45,48.89,7.63,57.89,40.00,28.57,2019_3_8_01_11R,01,11R
925,2,4587,木田峰由,28,福井,52,A2,5.55,33.87,6.26,57.89,36.59,44.12,2019_3_8_01_11R,01,11R
926,3,3347,矢後剛,52,東京,53,A2,7.19,56.59,6.75,39.29,32.56,27.94,2019_3_8_01_11R,01,11R
927,4,4301,関裕也,35,福岡,51,A1,6.02,41.00,7.09,45.45,43.48,37.10,2019_3_8_01_11R,01,11R
928,5,4407,鹿島敏弘,33,群馬,56,B1,4.60,24.00,5.80,41.35,27.91,23.19,2019_3_8_01_11R,01,11R
929,6,4504,前田将太,30,福岡,53,A1,7.02,50.45,7.74,63.16,28.57,29.23,2019_3_8_01_11R,01,11R
930,1,4769,馬場剛,26,東京,50,A2,5.35,39.56,5.32,28.00,42.55,32.39,2019_3_8_01_12R,01,12R
931,2,3820,樫葉次郎,46,徳島,59,B1,4.40,24.29,4.29,14.29,38.64,29.85,2019_3_8_01_12R,01,12R
932,3,4034,西原明生,40,香川,54,B1,4.64,27.78,0.00,0.00,46.81,23.94,2019_3_8_01_12R,01,12R
933,4,4110,小澤和也,38,埼玉,57,B1,3.84,11.76,4.47,23.26,35.00,39.44,2019_3_8_01_12R,01,12R
934,5,4142,平野和明,37,愛知,51,B1,5.90,40.00,5.92,40.00,36.59,44.93,2019_3_8_01_12R,01,12R
935,6,4928,栗城匠,23,東京,52,A2,3.70,21.21,4.88,28.13,34.78,30.00,2019_3_8_01_12R,01,12R
