,着,艇番,選手登番,選手名,モーター,ボート,展示,進入,スタートタイミング,場所,R,天気,風向,風量,波,日時,RaceID
0,1,1,4643,近江翔吾,64,169,6.81,1,0.12,22,1R,晴,東,5,5,2020_9_22,2020_9_22_22_1R
1,2,5,3837,秋山広一,73,108,6.89,5,0.11,22,1R,晴,東,5,5,2020_9_22,2020_9_22_22_1R
2,3,3,3843,上之晃弘,13,116,6.83,3,0.14,22,1R,晴,東,5,5,2020_9_22,2020_9_22_22_1R
3,4,6,3454,井川大作,56,143,6.97,6,0.11,22,1R,晴,東,5,5,2020_9_22,2020_9_22_22_1R
4,5,2,3536,一色雅昭,49,128,6.91,2,0.15,22,1R,晴,東,5,5,2020_9_22,2020_9_22_22_1R
5,6,4,5060,数原魁,57,122,6.87,4,0.31,22,1R,晴,東,5,5,2020_9_22,2020_9_22_22_1R
6,1,4,4337,平本真之,12,162,6.85,4,0.10,22,2R,晴,東,5,5,2020_9_22,2020_9_22_22_2R
7,2,5,4498,宮本夏樹,63,166,6.85,5,0.13,22,2R,晴,東,5,5,2020_9_22,2020_9_22_22_2R
8,3,2,4264,長尾章平,21,153,6.85,2,0.17,22,2R,晴,東,5,5,2020_9_22,2020_9_22_22_2R
9,4,1,4097,貫地谷直人,74,113,6.89,1,0.18,22,2R,晴,東,5,5,2020_9_22,2020_9_22_22_2R
10,5,6,4111,奥田誠,32,138,6.87,6,0.25,22,2R,晴,東,5,5,2020_9_22,2020_9_22_22_2R
11,6,3,2930,新良一規,60,139,6.87,3,0.23,22,2R,晴,東,5,5,2020_9_22,2020_9_22_22_2R
12,1,2,4096,石橋道友,37,121,6.78,2,0.05,22,3R,晴,東,3,3,2020_9_22,2020_9_22_22_3R
13,2,4,4762,藤原啓史朗,36,159,6.80,4,0.07,22,3R,晴,東,3,3,2020_9_22,2020_9_22_22_3R
14,3,6,4871,菊池宏志,61,146,6.79,6,0.10,22,3R,晴,東,3,3,2020_9_22,2020_9_22_22_3R
15,4,3,3879,中村格,39,115,6.82,3,0.12,22,3R,晴,東,3,3,2020_9_22,2020_9_22_22_3R
16,5,5,4209,藤田竜弘,40,140,6.87,5,0.12,22,3R,晴,東,3,3,2020_9_22,2020_9_22_22_3R
17,6,1,4131,原豊土,69,150,6.82,1,0.17,22,3R,晴,東,3,3,2020_9_22,2020_9_22_22_3R
18,1,4,3473,石川真二,34,149,6.89,3,0.14,22,4R,晴,東,3,3,2020_9_22,2020_9_22_22_4R
19,2,1,3661,柳瀬興志,43,154,6.83,1,0.19,22,4R,晴,東,3,3,2020_9_22,2020_9_22_22_4R
20,3,6,5002,上田健太,20,173,6.81,6,0.25,22,4R,晴,東,3,3,2020_9_22,2020_9_22_22_4R
21,4,5,3462,竹上真司,38,171,6.84,5,0.22,22,4R,晴,東,3,3,2020_9_22,2020_9_22_22_4R
22,5,3,5029,中亮太,68,167,6.91,4,0.19,22,4R,晴,東,3,3,2020_9_22,2020_9_22_22_4R
23,6,2,3307,上瀧和則,29,137,6.89,2,0.15,22,4R,晴,東,3,3,2020_9_22,2020_9_22_22_4R
24,1,4,4754,松尾充,31,170,6.85,4,0.17,22,5R,曇り,東,4,4,2020_9_22,2020_9_22_22_5R
25,2,5,3484,芝田浩治,41,123,6.85,5,0.16,22,5R,曇り,東,4,4,2020_9_22,2020_9_22_22_5R
26,3,3,2903,山崎毅,15,151,6.89,3,0.19,22,5R,曇り,東,4,4,2020_9_22,2020_9_22_22_5R
27,4,6,3536,一色雅昭,49,128,6.92,6,0.14,22,5R,曇り,東,4,4,2020_9_22,2020_9_22_22_5R
28,5,2,3841,佐々木和伸,26,161,6.86,2,0.18,22,5R,曇り,東,4,4,2020_9_22,2020_9_22_22_5R
29,6,1,4691,水原慎,16,126,6.83,1,0.54,22,5R,曇り,東,4,4,2020_9_22,2020_9_22_22_5R
30,1,1,4079,出畑孝典,19,163,6.79,1,0.11,22,6R,晴,東,4,4,2020_9_22,2020_9_22_22_6R
31,2,2,3527,中嶋誠一郎,53,117,6.82,2,0.17,22,6R,晴,東,4,4,2020_9_22,2020_9_22_22_6R
32,3,3,3454,井川大作,56,143,6.87,3,0.19,22,6R,晴,東,4,4,2020_9_22,2020_9_22_22_6R
33,4,5,4431,石塚裕介,67,145,6.81,5,0.22,22,6R,晴,東,4,4,2020_9_22,2020_9_22_22_6R
34,5,4,3401,上田隆章,66,156,6.87,4,0.26,22,6R,晴,東,4,4,2020_9_22,2020_9_22_22_6R
35,6,6,5102,原田雄次,44,174,6.84,6,0.29,22,6R,晴,東,4,4,2020_9_22,2020_9_22_22_6R
36,1,3,4264,長尾章平,21,153,6.91,4,0.31,22,7R,晴,東,4,4,2020_9_22,2020_9_22_22_7R
37,2,4,4350,篠崎元志,27,158,6.84,5,0.31,22,7R,晴,東,4,4,2020_9_22,2020_9_22_22_7R
38,3,2,4327,加藤翔,54,141,6.83,2,0.26,22,7R,晴,東,4,4,2020_9_22,2020_9_22_22_7R
39,4,5,4410,井上大輔,71,147,6.87,6,0.37,22,7R,晴,東,4,4,2020_9_22,2020_9_22_22_7R
40,5,1,3825,宮嵜隆太郎,47,164,6.84,1,0.23,22,7R,晴,東,4,4,2020_9_22,2020_9_22_22_7R
41,6,6,4181,花本夏樹,51,104,6.89,3,0.28,22,7R,晴,東,4,4,2020_9_22,2020_9_22_22_7R
42,1,1,3757,畑和宏,48,148,6.85,1,0.21,22,8R,晴,東,4,4,2020_9_22,2020_9_22_22_8R
43,2,2,4268,和合俊介,70,172,6.89,2,0.21,22,8R,晴,東,4,4,2020_9_22,2020_9_22_22_8R
44,3,3,3837,秋山広一,73,108,6.90,3,0.19,22,8R,晴,東,4,4,2020_9_22,2020_9_22_22_8R
45,4,4,3879,中村格,39,115,6.83,4,0.21,22,8R,晴,東,4,4,2020_9_22,2020_9_22_22_8R
46,5,5,4097,貫地谷直人,74,113,6.93,5,0.37,22,8R,晴,東,4,4,2020_9_22,2020_9_22_22_8R
47,6,6,5029,中亮太,68,167,6.90,6,0.24,22,8R,晴,東,4,4,2020_9_22,2020_9_22_22_8R
48,1,4,4643,近江翔吾,64,169,6.78,4,0.16,22,9R,晴,東,4,4,2020_9_22,2020_9_22_22_9R
49,2,3,3473,石川真二,34,149,6.79,2,0.18,22,9R,晴,東,4,4,2020_9_22,2020_9_22_22_9R
50,3,1,4754,松尾充,31,170,6.79,1,0.11,22,9R,晴,東,4,4,2020_9_22,2020_9_22_22_9R
51,4,2,4871,菊池宏志,61,146,6.80,3,0.17,22,9R,晴,東,4,4,2020_9_22,2020_9_22_22_9R
52,5,6,3233,小畑実成,22,168,6.85,6,0.11,22,9R,晴,東,4,4,2020_9_22,2020_9_22_22_9R
53,6,5,2930,新良一規,60,139,6.85,5,0.17,22,9R,晴,東,4,4,2020_9_22,2020_9_22_22_9R
54,1,1,4209,藤田竜弘,40,140,6.83,1,0.13,22,10R,晴,東,3,3,2020_9_22,2020_9_22_22_10R
55,2,2,2903,山崎毅,15,151,6.87,2,0.13,22,10R,晴,東,3,3,2020_9_22,2020_9_22_22_10R
56,3,3,3527,中嶋誠一郎,53,117,6.83,3,0.11,22,10R,晴,東,3,3,2020_9_22,2020_9_22_22_10R
57,4,5,4337,平本真之,12,162,6.87,5,0.06,22,10R,晴,東,3,3,2020_9_22,2020_9_22_22_10R
58,5,4,3295,濱村芳宏,25,110,6.90,4,0.14,22,10R,晴,東,3,3,2020_9_22,2020_9_22_22_10R
59,6,6,4846,佐藤駿介,52,157,6.89,6,0.08,22,10R,晴,東,3,3,2020_9_22,2020_9_22_22_10R
60,1,1,4350,篠崎元志,27,158,6.81,1,0.19,22,11R,晴,東,4,4,2020_9_22,2020_9_22_22_11R
61,2,2,4762,藤原啓史朗,36,159,6.83,2,0.19,22,11R,晴,東,4,4,2020_9_22,2020_9_22_22_11R
62,3,4,3841,佐々木和伸,26,120,6.86,4,0.19,22,11R,晴,東,4,4,2020_9_22,2020_9_22_22_11R
63,4,3,3661,柳瀬興志,43,154,6.79,3,0.21,22,11R,晴,東,4,4,2020_9_22,2020_9_22_22_11R
64,5,6,3843,上之晃弘,13,116,6.84,6,0.18,22,11R,晴,東,4,4,2020_9_22,2020_9_22_22_11R
65,6,5,4079,出畑孝典,19,163,6.81,5,0.20,22,11R,晴,東,4,4,2020_9_22,2020_9_22_22_11R
66,1,1,4096,石橋道友,37,121,6.76,1,0.19,22,12R,晴,東,4,4,2020_9_22,2020_9_22_22_12R
67,2,2,4498,宮本夏樹,63,166,6.81,2,0.16,22,12R,晴,東,4,4,2020_9_22,2020_9_22_22_12R
68,3,3,3462,竹上真司,38,171,6.81,3,0.16,22,12R,晴,東,4,4,2020_9_22,2020_9_22_22_12R
69,4,5,3401,上田隆章,66,156,6.86,5,0.23,22,12R,晴,東,4,4,2020_9_22,2020_9_22_22_12R
70,5,4,4410,井上大輔,71,147,6.79,4,0.19,22,12R,晴,東,4,4,2020_9_22,2020_9_22_22_12R
71,6,6,3484,芝田浩治,41,123,6.83,6,0.22,22,12R,晴,東,4,4,2020_9_22,2020_9_22_22_12R
72,1,1,4351,里岡右貴,19,45,6.77,1,0.18,21,1R,晴,東,1,1,2020_9_22,2020_9_22_21_1R
73,2,3,4697,國弘翔平,25,31,6.79,3,0.15,21,1R,晴,東,1,1,2020_9_22,2020_9_22_21_1R
74,3,5,4693,松下誉士,58,72,6.73,5,0.15,21,1R,晴,東,1,1,2020_9_22,2020_9_22_21_1R
75,4,4,4046,谷村啓司,22,46,6.83,4,0.17,21,1R,晴,東,1,1,2020_9_22,2020_9_22_21_1R
76,5,2,5028,原田才一郎,20,62,6.84,2,0.25,21,1R,晴,東,1,1,2020_9_22,2020_9_22_21_1R
77,6,6,5071,野見山拓己,43,65,6.77,6,0.14,21,1R,晴,東,1,1,2020_9_22,2020_9_22_21_1R
78,1,1,3576,白水勝也,51,20,6.75,1,0.12,21,2R,晴,東,1,1,2020_9_22,2020_9_22_21_2R
79,2,4,4522,古澤光紀,65,15,6.79,4,0.11,21,2R,晴,東,1,1,2020_9_22,2020_9_22_21_2R
80,3,3,3564,桑原啓,28,75,6.76,3,0.13,21,2R,晴,東,1,1,2020_9_22,2020_9_22_21_2R
81,4,2,4674,池田剛規,64,35,6.80,2,0.13,21,2R,晴,東,1,1,2020_9_22,2020_9_22_21_2R
82,5,6,4121,富永修一,57,40,6.89,6,0.09,21,2R,晴,東,1,1,2020_9_22,2020_9_22_21_2R
83,6,5,4868,松本峻,41,66,6.81,5,0.15,21,2R,晴,東,1,1,2020_9_22,2020_9_22_21_2R
84,1,1,4402,乙藤智史,54,19,6.78,1,0.21,21,3R,晴,東,3,3,2020_9_22,2020_9_22_21_3R
85,2,3,3876,中辻崇人,45,17,6.77,3,0.18,21,3R,晴,東,3,3,2020_9_22,2020_9_22_21_3R
86,3,5,4363,大野芳顕,32,39,6.82,5,0.12,21,3R,晴,東,3,3,2020_9_22,2020_9_22_21_3R
87,4,2,3928,林恵祐,34,74,6.76,2,0.23,21,3R,晴,東,3,3,2020_9_22,2020_9_22_21_3R
88,5,4,4668,楠本晃嗣,50,70,6.73,4,0.17,21,3R,晴,東,3,3,2020_9_22,2020_9_22_21_3R
89,6,6,4669,井上茂,37,24,6.77,6,0.09,21,3R,晴,東,3,3,2020_9_22,2020_9_22_21_3R
90,1,1,4544,松田大志郎,30,16,6.69,1,0.25,21,4R,晴,北東,4,4,2020_9_22,2020_9_22_21_4R
91,2,3,3566,川添英正,42,22,6.78,3,0.19,21,4R,晴,北東,4,4,2020_9_22,2020_9_22_21_4R
92,3,4,4789,古賀智之,53,42,6.72,4,0.25,21,4R,晴,北東,4,4,2020_9_22,2020_9_22_21_4R
93,4,6,4463,三苫晃幸,59,27,6.73,6,0.21,21,4R,晴,北東,4,4,2020_9_22,2020_9_22_21_4R
94,5,2,4180,上野秀和,48,54,6.78,2,0.22,21,4R,晴,北東,4,4,2020_9_22,2020_9_22_21_4R
95,6,5,5009,大賀龍之介,12,33,6.72,5,0.29,21,4R,晴,北東,4,4,2020_9_22,2020_9_22_21_4R
96,1,2,4301,関裕也,38,44,6.76,3,0.11,21,5R,晴,北東,4,4,2020_9_22,2020_9_22_21_5R
97,2,6,3297,藤丸光一,39,73,6.71,2,0.17,21,5R,晴,北東,4,4,2020_9_22,2020_9_22_21_5R
98,3,3,4551,三川昂暁,52,25,6.78,4,0.47,21,5R,晴,北東,4,4,2020_9_22,2020_9_22_21_5R
99,4,4,5071,野見山拓己,43,65,6.74,5,0.13,21,5R,晴,北東,4,4,2020_9_22,2020_9_22_21_5R
100,5,5,3804,中渡修作,13,13,6.76,6,0.29,21,5R,晴,北東,4,4,2020_9_22,2020_9_22_21_5R
101,6,1,4336,松田竜馬,49,69,6.78,1,0.19,21,5R,晴,北東,4,4,2020_9_22,2020_9_22_21_5R
102,1,1,4693,松下誉士,58,72,6.67,1,0.19,21,6R,晴,北東,4,4,2020_9_22,2020_9_22_21_6R
103,2,3,4474,渡辺崇,31,30,6.77,3,0.19,21,6R,晴,北東,4,4,2020_9_22,2020_9_22_21_6R
104,3,4,4674,池田剛規,64,35,6.76,4,0.15,21,6R,晴,北東,4,4,2020_9_22,2020_9_22_21_6R
105,4,2,4958,溝口海義也,18,21,6.70,2,0.21,21,6R,晴,北東,4,4,2020_9_22,2020_9_22_21_6R
106,5,6,4148,枝尾賢 ,7,67,6.74,6,0.16,21,6R,晴,北東,4,4,2020_9_22,2020_9_22_21_6R
107,6,5,4136,江夏満,60,57,6.79,5,0.15,21,6R,晴,北東,4,4,2020_9_22,2020_9_22_21_6R
108,1,1,4668,楠本晃嗣,50,70,6.74,1,0.15,21,7R,晴,北東,4,4,2020_9_22,2020_9_22_21_7R
109,2,5,4697,國弘翔平,25,31,6.68,5,0.21,21,7R,晴,北東,4,4,2020_9_22,2020_9_22_21_7R
110,3,4,3444,香月大介,55,28,6.70,4,0.12,21,7R,晴,北東,4,4,2020_9_22,2020_9_22_21_7R
111,4,3,4046,谷村啓司,22,46,6.75,3,0.17,21,7R,晴,北東,4,4,2020_9_22,2020_9_22_21_7R
112,5,6,5093,浦野海,10,18,6.80,6,0.42,21,7R,晴,北東,4,4,2020_9_22,2020_9_22_21_7R
113,6,2,4868,松本峻,41,66,6.80,2,0.15,21,7R,晴,北東,4,4,2020_9_22,2020_9_22_21_7R
114,1,1,4122,安東幸治,61,11,6.69,1,0.21,21,8R,晴,北東,3,3,2020_9_22,2020_9_22_21_8R
115,2,3,4121,富永修一,57,40,6.75,3,0.14,21,8R,晴,北東,3,3,2020_9_22,2020_9_22_21_8R
116,3,4,3564,桑原啓,28,75,6.70,4,0.14,21,8R,晴,北東,3,3,2020_9_22,2020_9_22_21_8R
117,4,2,4669,井上茂,37,24,6.72,2,0.12,21,8R,晴,北東,3,3,2020_9_22,2020_9_22_21_8R
118,5,6,4180,上野秀和,48,54,6.74,6,0.13,21,8R,晴,北東,3,3,2020_9_22,2020_9_22_21_8R
119,6,5,3928,林恵祐,34,74,6.78,5,0.19,21,8R,晴,北東,3,3,2020_9_22,2020_9_22_21_8R
120,1,2,3804,中渡修作,13,13,6.78,2,0.21,21,9R,晴,北,3,3,2020_9_22,2020_9_22_21_9R
121,2,6,4474,渡辺崇,31,30,6.79,6,0.20,21,9R,晴,北,3,3,2020_9_22,2020_9_22_21_9R
122,3,3,4463,三苫晃幸,59,27,6.73,3,0.19,21,9R,晴,北,3,3,2020_9_22,2020_9_22_21_9R
123,4,5,5028,原田才一郎,20,62,6.79,5,0.19,21,9R,晴,北,3,3,2020_9_22,2020_9_22_21_9R
124,5,4,3566,川添英正,42,22,6.81,4,0.19,21,9R,晴,北,3,3,2020_9_22,2020_9_22_21_9R
125,6,1,4551,三川昂暁,52,25,6.74,1,0.18,21,9R,晴,北,3,3,2020_9_22,2020_9_22_21_9R
126,1,6,4301,関裕也,38,44,6.78,4,0.12,21,10R,晴,北,3,3,2020_9_22,2020_9_22_21_10R
127,2,4,4544,松田大志郎,30,16,6.75,5,0.22,21,10R,晴,北,3,3,2020_9_22,2020_9_22_21_10R
128,3,1,4136,江夏満,60,57,6.82,1,0.12,21,10R,晴,北,3,3,2020_9_22,2020_9_22_21_10R
129,4,5,4351,里岡右貴,19,45,6.78,6,0.13,21,10R,晴,北,3,3,2020_9_22,2020_9_22_21_10R
130,5,2,3576,白水勝也,51,20,6.78,2,0.21,21,10R,晴,北,3,3,2020_9_22,2020_9_22_21_10R
131,6,3,4789,古賀智之,53,42,6.78,3,0.21,21,10R,晴,北,3,3,2020_9_22,2020_9_22_21_10R
132,1,1,4522,古澤光紀,65,15,6.75,1,0.15,21,11R,晴,北,3,3,2020_9_22,2020_9_22_21_11R
133,2,3,4958,溝口海義也,18,21,6.72,4,0.22,21,11R,晴,北,3,3,2020_9_22,2020_9_22_21_11R
134,3,6,4336,松田竜馬,49,69,6.81,5,0.21,21,11R,晴,北,3,3,2020_9_22,2020_9_22_21_11R
135,4,5,4122,安東幸治,61,11,6.71,6,0.26,21,11R,晴,北,3,3,2020_9_22,2020_9_22_21_11R
136,5,4,3876,中辻崇人,45,17,6.73,3,0.24,21,11R,晴,北,3,3,2020_9_22,2020_9_22_21_11R
137,6,2,4402,乙藤智史,54,19,6.76,2,0.18,21,11R,晴,北,3,3,2020_9_22,2020_9_22_21_11R
138,1,1,4521,小池公生,36,61,6.77,1,0.13,21,12R,晴,北,3,3,2020_9_22,2020_9_22_21_12R
139,2,2,4364,池永太,47,58,6.83,2,0.08,21,12R,晴,北,3,3,2020_9_22,2020_9_22_21_12R
140,3,5,4566,塩田北斗 ,4,34,6.75,5,0.16,21,12R,晴,北,3,3,2020_9_22,2020_9_22_21_12R
141,4,4,3702,貞兼淳二 ,6,43,6.82,4,0.15,21,12R,晴,北,3,3,2020_9_22,2020_9_22_21_12R
142,5,6,4151,下河誉史,27,59,6.82,6,0.17,21,12R,晴,北,3,3,2020_9_22,2020_9_22_21_12R
143,6,3,4288,永田啓二,26,53,6.76,3,0.29,21,12R,晴,北,3,3,2020_9_22,2020_9_22_21_12R
144,1,3,4234,野相弘司,64,43,6.90,3,0.11,19,1R,晴,北,3,3,2020_9_22,2020_9_22_19_1R
145,2,1,3892,草場康幸,15,47,6.82,1,0.21,19,1R,晴,北,3,3,2020_9_22,2020_9_22_19_1R
146,3,5,4404,岸蔭亮,16,31,6.90,5,0.12,19,1R,晴,北,3,3,2020_9_22,2020_9_22_19_1R
147,4,4,5090,生方靖亜,12,66,6.85,4,0.06,19,1R,晴,北,3,3,2020_9_22,2020_9_22_19_1R
148,5,2,3982,福田理,48,62,6.91,2,0.16,19,1R,晴,北,3,3,2020_9_22,2020_9_22_19_1R
149,6,6,5117,冨名腰桃奈,50,26,6.89,6,0.26,19,1R,晴,北,3,3,2020_9_22,2020_9_22_19_1R
150,1,2,5055,眞鳥章太,23,63,6.83,2,0.13,19,2R,晴,北,3,3,2020_9_22,2020_9_22_19_2R
151,2,4,4495,森晋太郎,25,65,6.75,4,0.13,19,2R,晴,北,3,3,2020_9_22,2020_9_22_19_2R
152,3,1,4985,井本昌也,21,55,6.85,1,0.23,19,2R,晴,北,3,3,2020_9_22,2020_9_22_19_2R
153,4,3,3477,近藤稔也,51,56,6.83,3,0.27,19,2R,晴,北,3,3,2020_9_22,2020_9_22_19_2R
154,5,5,5065,伊久間陽優,45,30,6.81,5,0.12,19,2R,晴,北,3,3,2020_9_22,2020_9_22_19_2R
155,6,6,5073,上原健次郎,68,22,6.77,6,0.14,19,2R,晴,北,3,3,2020_9_22,2020_9_22_19_2R
156,1,2,3615,横田茂,46,57,6.88,2,0.22,19,3R,晴,北,3,3,2020_9_22,2020_9_22_19_3R
157,2,1,4853,前原哉,54,46,6.86,1,0.23,19,3R,晴,北,3,3,2020_9_22,2020_9_22_19_3R
158,3,3,3997,北村征嗣,13,52,6.79,3,0.21,19,3R,晴,北,3,3,2020_9_22,2020_9_22_19_3R
159,4,5,4948,木場悠介,37,21,6.80,4,0.29,19,3R,晴,北,3,3,2020_9_22,2020_9_22_19_3R
160,5,6,3485,竹村祥司,20,49,6.97,5,0.35,19,3R,晴,北,3,3,2020_9_22,2020_9_22_19_3R
161,6,4,5063,大塚雅治,67,33,6.85,6,0.35,19,3R,晴,北,3,3,2020_9_22,2020_9_22_19_3R
162,1,2,4083,福島勇樹,60,71,6.79,1,0.11,19,4R,晴,北,3,3,2020_9_22,2020_9_22_19_4R
163,2,4,4411,沢田昭宏,35,23,6.85,4,0.07,19,4R,晴,北,3,3,2020_9_22,2020_9_22_19_4R
164,3,3,3901,松田憲幸,43,50,6.89,3,0.13,19,4R,晴,北,3,3,2020_9_22,2020_9_22_19_4R
165,4,1,4641,磯村匠,40,16,6.81,2,0.26,19,4R,晴,北,3,3,2020_9_22,2020_9_22_19_4R
166,5,5,5054,佐々木大河,69,28,6.87,5,0.07,19,4R,晴,北,3,3,2020_9_22,2020_9_22_19_4R
167,1,1,3975,小野寺智洋,36,15,6.76,1,0.11,19,5R,晴,北,3,3,2020_9_22,2020_9_22_19_5R
168,2,2,4014,片岡恵里,59,68,6.80,2,0.12,19,5R,晴,北,3,3,2020_9_22,2020_9_22_19_5R
169,3,4,3944,山口裕二,49,72,6.76,4,0.12,19,5R,晴,北,3,3,2020_9_22,2020_9_22_19_5R
170,4,5,4957,竹之内極,19,13,6.82,5,0.14,19,5R,晴,北,3,3,2020_9_22,2020_9_22_19_5R
171,5,3,3982,福田理,48,62,6.87,3,0.12,19,5R,晴,北,3,3,2020_9_22,2020_9_22_19_5R
172,6,6,4963,實森美祐,55,14,6.82,6,0.16,19,5R,晴,北,3,3,2020_9_22,2020_9_22_19_5R
173,1,6,4500,山田康二,56,35,6.86,6,0.15,19,6R,晴,北,3,3,2020_9_22,2020_9_22_19_6R
174,2,4,3478,嶋田貴支,57,51,6.90,3,0.18,19,6R,晴,北,3,3,2020_9_22,2020_9_22_19_6R
175,3,1,4116,川田正人,31,20,6.77,1,0.09,19,6R,晴,北,3,3,2020_9_22,2020_9_22_19_6R
176,4,5,5090,生方靖亜,12,66,6.94,5,0.18,19,6R,晴,北,3,3,2020_9_22,2020_9_22_19_6R
177,5,2,3427,大賀広幸,42,69,6.83,2,0.13,19,6R,晴,北,3,3,2020_9_22,2020_9_22_19_6R
178,6,3,4495,森晋太郎,25,65,6.77,4,0.19,19,6R,晴,北,3,3,2020_9_22,2020_9_22_19_6R
179,1,5,4017,向井美鈴,29,74,6.85,5,0.16,19,7R,晴,北,4,4,2020_9_22,2020_9_22_19_7R
180,2,4,3996,秋山直之,74,41,6.80,4,0.20,19,7R,晴,北,4,4,2020_9_22,2020_9_22_19_7R
181,3,2,4656,大崎翔,70,37,6.73,2,0.16,19,7R,晴,北,4,4,2020_9_22,2020_9_22_19_7R
182,4,6,3834,細川明人,28,67,6.75,6,0.14,19,7R,晴,北,4,4,2020_9_22,2020_9_22_19_7R
183,5,3,4853,前原哉,54,46,6.87,3,0.27,19,7R,晴,北,4,4,2020_9_22,2020_9_22_19_7R
184,6,1,4642,松尾夏海,47,40,6.79,1,0.21,19,7R,晴,北,4,4,2020_9_22,2020_9_22_19_7R
185,1,4,4936,戸敷晃美,11,19,6.72,4,0.11,19,8R,晴,北東,4,4,2020_9_22,2020_9_22_19_8R
186,2,3,5054,佐々木大河,69,28,6.82,5,0.12,19,8R,晴,北東,4,4,2020_9_22,2020_9_22_19_8R
187,3,6,3024,西島義則,17,60,6.82,2,0.19,19,8R,晴,北東,4,4,2020_9_22,2020_9_22_19_8R
188,4,1,4948,木場悠介,37,21,6.85,1,0.18,19,8R,晴,北東,4,4,2020_9_22,2020_9_22_19_8R
189,5,2,4967,中村魁生,73,70,6.83,3,0.17,19,8R,晴,北東,4,4,2020_9_22,2020_9_22_19_8R
190,6,5,5073,上原健次郎,68,22,6.78,6,0.10,19,8R,晴,北東,4,4,2020_9_22,2020_9_22_19_8R
191,1,1,4601,森野正弘,71,64,6.79,1,0.18,19,9R,晴,北東,3,3,2020_9_22,2020_9_22_19_9R
192,2,4,5022,伊藤尚汰,63,58,6.73,4,0.16,19,9R,晴,北東,3,3,2020_9_22,2020_9_22_19_9R
193,3,2,3975,小野寺智洋,36,15,6.78,2,0.16,19,9R,晴,北東,3,3,2020_9_22,2020_9_22_19_9R
194,4,6,4450,平高奈菜,41,45,6.86,5,0.23,19,9R,晴,北東,3,3,2020_9_22,2020_9_22_19_9R
195,5,3,5063,大塚雅治,67,33,6.78,3,0.24,19,9R,晴,北東,3,3,2020_9_22,2020_9_22_19_9R
196,6,5,5117,冨名腰桃奈,50,26,6.84,6,0.21,19,9R,晴,北東,3,3,2020_9_22,2020_9_22_19_9R
197,1,6,4083,福島勇樹,60,71,6.80,3,0.07,19,10R,晴,北,4,4,2020_9_22,2020_9_22_19_10R
198,2,1,3944,山口裕二,49,72,6.79,1,0.19,19,10R,晴,北,4,4,2020_9_22,2020_9_22_19_10R
199,3,3,4404,岸蔭亮,16,31,6.84,4,0.22,19,10R,晴,北,4,4,2020_9_22,2020_9_22_19_10R
200,4,4,3427,大賀広幸,42,69,6.82,5,0.20,19,10R,晴,北,4,4,2020_9_22,2020_9_22_19_10R
201,5,5,5055,眞鳥章太,23,63,6.82,6,0.13,19,10R,晴,北,4,4,2020_9_22,2020_9_22_19_10R
202,6,2,3485,竹村祥司,20,49,6.91,2,0.18,19,10R,晴,北,4,4,2020_9_22,2020_9_22_19_10R
203,1,3,4500,山田康二,56,35,6.78,3,0.18,19,11R,晴,北,4,4,2020_9_22,2020_9_22_19_11R
204,2,1,3997,北村征嗣,13,52,6.78,1,0.11,19,11R,晴,北,4,4,2020_9_22,2020_9_22_19_11R
205,3,6,3901,松田憲幸,43,50,6.96,6,0.21,19,11R,晴,北,4,4,2020_9_22,2020_9_22_19_11R
206,4,5,4985,井本昌也,21,55,6.85,5,0.22,19,11R,晴,北,4,4,2020_9_22,2020_9_22_19_11R
207,5,2,3834,細川明人,28,67,6.81,2,0.16,19,11R,晴,北,4,4,2020_9_22,2020_9_22_19_11R
208,6,4,3892,草場康幸,15,47,6.79,4,0.18,19,11R,晴,北,4,4,2020_9_22,2020_9_22_19_11R
209,1,1,3996,秋山直之,74,41,6.79,1,0.13,19,12R,晴,北,4,4,2020_9_22,2020_9_22_19_12R
210,2,3,4601,森野正弘,71,64,6.84,3,0.15,19,12R,晴,北,4,4,2020_9_22,2020_9_22_19_12R
211,3,2,4116,川田正人,31,20,6.77,2,0.15,19,12R,晴,北,4,4,2020_9_22,2020_9_22_19_12R
212,4,4,3615,横田茂,46,57,6.80,4,0.26,19,12R,晴,北,4,4,2020_9_22,2020_9_22_19_12R
213,5,6,4411,沢田昭宏,35,23,6.84,6,0.29,19,12R,晴,北,4,4,2020_9_22,2020_9_22_19_12R
214,1,2,4271,川崎公靖,68,21,6.73,2,0.12,16,1R,晴,南東,3,3,2020_9_22,2020_9_22_16_1R
215,2,1,4434,田中辰彦,65,16,6.72,1,0.21,16,1R,晴,南東,3,3,2020_9_22,2020_9_22_16_1R
216,3,3,3141,山来和人,34,41,6.67,3,0.21,16,1R,晴,南東,3,3,2020_9_22,2020_9_22_16_1R
217,4,5,4527,高野心吾,57,68,6.71,5,0.16,16,1R,晴,南東,3,3,2020_9_22,2020_9_22_16_1R
218,5,4,3850,小川知行,17,45,6.70,4,0.18,16,1R,晴,南東,3,3,2020_9_22,2020_9_22_16_1R
219,6,6,4552,杉山勝匡,55,58,6.81,6,0.16,16,1R,晴,南東,3,3,2020_9_22,2020_9_22_16_1R
220,1,1,4126,吉本玲緒,31,62,6.67,1,0.07,16,2R,晴,南東,4,3,2020_9_22,2020_9_22_16_2R
221,2,4,5017,澤田尚也,21,61,6.72,4,0.09,16,2R,晴,南東,4,3,2020_9_22,2020_9_22_16_2R
222,3,2,4420,津久井拓也,37,37,6.81,2,0.10,16,2R,晴,南東,4,3,2020_9_22,2020_9_22_16_2R
223,4,3,4458,抹香雄三,18,47,6.65,3,0.21,16,2R,晴,南東,4,3,2020_9_22,2020_9_22_16_2R
224,5,6,4368,山口隆史,24,72,6.77,6,0.19,16,2R,晴,南東,4,3,2020_9_22,2020_9_22_16_2R
225,6,5,4041,小林基樹,26,63,6.70,5,0.11,16,2R,晴,南東,4,3,2020_9_22,2020_9_22_16_2R
226,1,1,4657,江崎一雄,32,52,6.80,1,0.11,16,3R,晴,南東,4,3,2020_9_22,2020_9_22_16_3R
227,2,2,4632,長尾京志郎,22,65,6.70,2,0.17,16,3R,晴,南東,4,3,2020_9_22,2020_9_22_16_3R
228,3,3,3893,汐崎正則,69,49,6.75,3,0.16,16,3R,晴,南東,4,3,2020_9_22,2020_9_22_16_3R
229,4,6,3543,福田雅一,60,43,6.79,6,0.26,16,3R,晴,南東,4,3,2020_9_22,2020_9_22_16_3R
230,5,4,3315,広瀬聖仁,56,36,6.74,4,0.21,16,3R,晴,南東,4,3,2020_9_22,2020_9_22_16_3R
231,1,4,4000,松本博昭,67,23,6.67,5,0.21,16,4R,晴,南東,4,3,2020_9_22,2020_9_22_16_4R
232,2,5,4139,丹下健,40,40,6.71,6,0.15,16,4R,晴,南東,4,3,2020_9_22,2020_9_22_16_4R
233,3,1,3953,志道吉和,44,53,6.66,1,0.35,16,4R,晴,南東,4,3,2020_9_22,2020_9_22_16_4R
234,4,2,3858,織田猛,45,25,6.73,3,0.27,16,4R,晴,南東,4,3,2020_9_22,2020_9_22_16_4R
235,5,6,3443,森秋光,13,19,6.82,2,0.28,16,4R,晴,南東,4,3,2020_9_22,2020_9_22_16_4R
236,6,3,4021,吉田健太郎,12,22,6.60,4,0.34,16,4R,晴,南東,4,3,2020_9_22,2020_9_22_16_4R
237,1,4,4625,渡邊裕貴,20,39,6.75,4,0.11,16,5R,晴,南東,5,3,2020_9_22,2020_9_22_16_5R
238,2,1,4112,大久保信一郎,61,29,6.62,1,0.11,16,5R,晴,南東,5,3,2020_9_22,2020_9_22_16_5R
239,3,5,3141,山来和人,34,41,6.73,5,0.09,16,5R,晴,南東,5,3,2020_9_22,2020_9_22_16_5R
240,4,6,4189,川上剛,38,18,6.60,6,0.12,16,5R,晴,南東,5,3,2020_9_22,2020_9_22_16_5R
241,5,3,4314,青木幸太郎,59,55,6.73,3,0.18,16,5R,晴,南東,5,3,2020_9_22,2020_9_22_16_5R
242,6,2,4231,鈴木裕隆,53,28,6.65,2,0.14,16,5R,晴,南東,5,3,2020_9_22,2020_9_22_16_5R
243,1,1,4319,三宅潤,16,51,6.63,1,0.19,16,6R,晴,南東,5,3,2020_9_22,2020_9_22_16_6R
244,2,4,4782,浜崎準也,23,20,6.75,4,0.11,16,6R,晴,南東,5,3,2020_9_22,2020_9_22_16_6R
245,3,3,3977,山本兼士,19,32,6.65,3,0.10,16,6R,晴,南東,5,3,2020_9_22,2020_9_22_16_6R
246,4,2,4459,片岡雅裕,50,13,6.76,2,0.14,16,6R,晴,南東,5,3,2020_9_22,2020_9_22_16_6R
247,5,5,5017,澤田尚也,21,61,6.68,5,0.09,16,6R,晴,南東,5,3,2020_9_22,2020_9_22_16_6R
248,6,6,4271,川崎公靖,68,21,6.69,6,0.21,16,6R,晴,南東,5,3,2020_9_22,2020_9_22_16_6R
249,1,6,3822,平尾崇典,66,69,6.62,6,0.25,16,7R,晴,南東,4,3,2020_9_22,2020_9_22_16_7R
250,2,4,4200,早川尚人,42,54,6.61,4,0.19,16,7R,晴,南東,4,3,2020_9_22,2020_9_22_16_7R
251,3,5,4632,長尾京志郎,22,65,6.69,5,0.21,16,7R,晴,南東,4,3,2020_9_22,2020_9_22_16_7R
252,4,3,4527,高野心吾,57,68,6.73,3,0.30,16,7R,晴,南東,4,3,2020_9_22,2020_9_22_16_7R
253,5,1,4379,桑島和宏,27,70,6.72,1,0.27,16,7R,晴,南東,4,3,2020_9_22,2020_9_22_16_7R
254,6,2,4368,山口隆史,24,72,6.79,2,0.29,16,7R,晴,南東,4,3,2020_9_22,2020_9_22_16_7R
255,1,2,3488,柳田英明,15,12,6.78,2,0.08,16,8R,晴,南東,5,3,2020_9_22,2020_9_22_16_8R
256,2,1,3933,山地正樹,46,73,6.65,1,0.09,16,8R,晴,南東,5,3,2020_9_22,2020_9_22_16_8R
257,3,3,4552,杉山勝匡,55,58,6.70,3,0.12,16,8R,晴,南東,5,3,2020_9_22,2020_9_22_16_8R
258,4,4,4021,吉田健太郎,12,22,6.68,4,0.11,16,8R,晴,南東,5,3,2020_9_22,2020_9_22_16_8R
259,5,5,4420,津久井拓也,37,37,6.69,5,0.13,16,8R,晴,南東,5,3,2020_9_22,2020_9_22_16_8R
260,6,6,4314,青木幸太郎,59,55,6.82,6,0.23,16,8R,晴,南東,5,3,2020_9_22,2020_9_22_16_8R
261,1,1,3977,山本兼士,19,32,6.68,1,0.21,16,9R,晴,南東,3,3,2020_9_22,2020_9_22_16_9R
262,2,2,3893,汐崎正則,69,49,6.68,2,0.21,16,9R,晴,南東,3,3,2020_9_22,2020_9_22_16_9R
263,3,3,3443,森秋光,13,19,6.72,3,0.23,16,9R,晴,南東,3,3,2020_9_22,2020_9_22_16_9R
264,4,4,4434,田中辰彦,65,16,6.75,4,0.22,16,9R,晴,南東,3,3,2020_9_22,2020_9_22_16_9R
265,5,5,4458,抹香雄三,18,47,6.80,5,0.20,16,9R,晴,南東,3,3,2020_9_22,2020_9_22_16_9R
266,6,6,4625,渡邊裕貴,20,39,6.72,6,0.26,16,9R,晴,南東,3,3,2020_9_22,2020_9_22_16_9R
267,1,2,4379,桑島和宏,27,70,6.76,2,0.11,16,10R,曇り,南東,3,3,2020_9_22,2020_9_22_16_10R
268,2,1,4189,川上剛,38,18,6.71,1,0.12,16,10R,曇り,南東,3,3,2020_9_22,2020_9_22_16_10R
269,3,3,4112,大久保信一郎,61,29,6.66,3,0.15,16,10R,曇り,南東,3,3,2020_9_22,2020_9_22_16_10R
270,4,5,4782,浜崎準也,23,20,6.81,5,0.14,16,10R,曇り,南東,3,3,2020_9_22,2020_9_22_16_10R
271,5,6,4459,片岡雅裕,50,13,6.65,6,0.16,16,10R,曇り,南東,3,3,2020_9_22,2020_9_22_16_10R
272,6,4,3953,志道吉和,44,53,6.66,4,0.12,16,10R,曇り,南東,3,3,2020_9_22,2020_9_22_16_10R
273,1,1,3822,平尾崇典,66,69,6.62,1,0.24,16,11R,曇り,南東,3,3,2020_9_22,2020_9_22_16_11R
274,2,3,4139,丹下健,40,40,6.76,3,0.23,16,11R,曇り,南東,3,3,2020_9_22,2020_9_22_16_11R
275,3,4,3933,山地正樹,46,73,6.61,4,0.21,16,11R,曇り,南東,3,3,2020_9_22,2020_9_22_16_11R
276,4,2,4200,早川尚人,42,54,6.71,2,0.25,16,11R,曇り,南東,3,3,2020_9_22,2020_9_22_16_11R
277,5,5,4319,三宅潤,16,51,6.77,5,0.21,16,11R,曇り,南東,3,3,2020_9_22,2020_9_22_16_11R
278,6,6,4231,鈴木裕隆,53,28,6.69,6,0.22,16,11R,曇り,南東,3,3,2020_9_22,2020_9_22_16_11R
279,1,1,4397,西村拓也,39,35,6.64,1,0.07,16,12R,曇り,南東,2,3,2020_9_22,2020_9_22_16_12R
280,2,2,4262,馬場貴也,64,31,6.66,2,0.09,16,12R,曇り,南東,2,3,2020_9_22,2020_9_22_16_12R
281,3,4,3436,柏野幸二,43,66,6.76,4,0.03,16,12R,曇り,南東,2,3,2020_9_22,2020_9_22_16_12R
282,4,5,4188,久田敏之,49,44,6.74,5,0.02,16,12R,曇り,南東,2,3,2020_9_22,2020_9_22_16_12R
283,5,6,4080,山崎哲司,48,38,6.60,6,0.05,16,12R,曇り,南東,2,3,2020_9_22,2020_9_22_16_12R
284,6,3,4401,小林泰,33,48,6.68,3,0.06,16,12R,曇り,南東,2,3,2020_9_22,2020_9_22_16_12R
285,1,4,4003,表憲一,46,43,6.83,4,0.08,15,1R,晴,北,4,4,2020_9_22,2020_9_22_15_1R
286,2,2,4553,坪口竜也,14,51,6.72,2,0.23,15,1R,晴,北,4,4,2020_9_22,2020_9_22_15_1R
287,3,6,4069,山本修一,45,58,6.81,5,0.04,15,1R,晴,北,4,4,2020_9_22,2020_9_22_15_1R
288,4,3,4515,藤田浩人,16,6,6.87,3,0.19,15,1R,晴,北,4,4,2020_9_22,2020_9_22_15_1R
289,5,5,5143,常盤海心,37,53,6.79,6,0.09,15,1R,晴,北,4,4,2020_9_22,2020_9_22_15_1R
290,6,1,4346,前田健太郎,10,57,6.82,1,0.21,15,1R,晴,北,4,4,2020_9_22,2020_9_22_15_1R
291,1,1,3884,豊田聡,51,30,6.81,1,0.31,15,2R,曇り,北,4,4,2020_9_22,2020_9_22_15_2R
292,2,2,4010,越智照浩,59,3,6.84,2,0.21,15,2R,曇り,北,4,4,2020_9_22,2020_9_22_15_2R
293,3,4,4895,門間雄大,11,52,6.86,4,0.17,15,2R,曇り,北,4,4,2020_9_22,2020_9_22_15_2R
294,4,6,4316,山口裕太,61,37,6.88,6,0.19,15,2R,曇り,北,4,4,2020_9_22,2020_9_22_15_2R
295,5,3,5048,眞鳥康太,48,63,6.94,3,0.48,15,2R,曇り,北,4,4,2020_9_22,2020_9_22_15_2R
296,6,5,3600,玄馬徹,19,27,6.90,5,0.22,15,2R,曇り,北,4,4,2020_9_22,2020_9_22_15_2R
297,1,4,4593,小坂宗司 ,7,33,6.78,4,0.12,15,3R,曇り,北,3,3,2020_9_22,2020_9_22_15_3R
298,2,3,4624,高田明,55,32,6.81,3,0.08,15,3R,曇り,北,3,3,2020_9_22,2020_9_22_15_3R
299,3,6,4649,和田操拓,32,48,6.76,6,0.11,15,3R,曇り,北,3,3,2020_9_22,2020_9_22_15_3R
300,4,2,3731,高濱芳久,53,59,6.80,2,0.12,15,3R,曇り,北,3,3,2020_9_22,2020_9_22_15_3R
301,5,5,4675,井手良太,57,21,6.89,5,0.14,15,3R,曇り,北,3,3,2020_9_22,2020_9_22_15_3R
302,6,1,3652,森下勇,38,9,6.77,1,0.12,15,3R,曇り,北,3,3,2020_9_22,2020_9_22_15_3R
303,1,2,3501,川上昇平,58,44,6.81,2,0.08,15,4R,曇り,北東,3,3,2020_9_22,2020_9_22_15_4R
304,2,5,3717,立間充宏 ,8,28,6.80,5,0.17,15,4R,曇り,北東,3,3,2020_9_22,2020_9_22_15_4R
305,3,3,4061,萩原秀人,65,14,6.84,3,0.09,15,4R,曇り,北東,3,3,2020_9_22,2020_9_22_15_4R
306,4,6,4734,安河内将,54,61,6.82,6,0.16,15,4R,曇り,北東,3,3,2020_9_22,2020_9_22_15_4R
307,5,4,4560,庄司樹良々,66,16,6.81,4,0.09,15,4R,曇り,北東,3,3,2020_9_22,2020_9_22_15_4R
308,6,1,4423,坂口貴彦,34,7,6.82,1,0.06,15,4R,曇り,北東,3,3,2020_9_22,2020_9_22_15_4R
309,1,5,3721,守田俊介,22,65,6.97,3,0.12,15,5R,曇り,北東,3,3,2020_9_22,2020_9_22_15_5R
310,2,3,4645,上村純一,21,40,6.88,4,0.06,15,5R,曇り,北東,3,3,2020_9_22,2020_9_22_15_5R
311,3,4,4421,森作広大 ,1,64,6.92,5,0.18,15,5R,曇り,北東,3,3,2020_9_22,2020_9_22_15_5R
312,4,1,4788,小池哲也,44,23,6.85,1,0.11,15,5R,曇り,北東,3,3,2020_9_22,2020_9_22_15_5R
313,5,2,4713,白神優,33,60,6.94,2,0.09,15,5R,曇り,北東,3,3,2020_9_22,2020_9_22_15_5R
314,6,6,5143,常盤海心,37,53,6.88,6,0.14,15,5R,曇り,北東,3,3,2020_9_22,2020_9_22_15_5R
315,1,4,3158,島川光男,20,38,6.90,4,0.10,15,6R,曇り,東,2,2,2020_9_22,2020_9_22_15_6R
316,2,3,3475,橋本久和,47,26,6.84,3,0.12,15,6R,曇り,東,2,2,2020_9_22,2020_9_22_15_6R
317,3,5,4346,前田健太郎,10,57,6.90,5,0.15,15,6R,曇り,東,2,2,2020_9_22,2020_9_22_15_6R
318,4,6,4248,岡本大,26,54,6.93,6,0.15,15,6R,曇り,東,2,2,2020_9_22,2020_9_22_15_6R
319,5,1,3439,大平誉史明,29,5,6.83,1,0.18,15,6R,曇り,東,2,2,2020_9_22,2020_9_22_15_6R
320,6,2,4895,門間雄大,11,52,6.85,2,0.17,15,6R,曇り,東,2,2,2020_9_22,2020_9_22_15_6R
321,1,1,4553,坪口竜也,14,51,6.88,1,0.15,15,7R,曇り,東,3,3,2020_9_22,2020_9_22_15_7R
322,2,3,4155,長野壮志郎,30,66,6.85,3,0.16,15,7R,曇り,東,3,3,2020_9_22,2020_9_22_15_7R
323,3,2,3849,中岡正彦,64,46,6.89,2,0.14,15,7R,曇り,東,3,3,2020_9_22,2020_9_22_15_7R
324,4,5,4316,山口裕太,61,37,6.89,5,0.24,15,7R,曇り,東,3,3,2020_9_22,2020_9_22_15_7R
325,5,4,3652,森下勇,38,9,6.91,4,0.21,15,7R,曇り,東,3,3,2020_9_22,2020_9_22_15_7R
326,6,6,3787,天野誠,27,50,6.96,6,0.26,15,7R,曇り,東,3,3,2020_9_22,2020_9_22_15_7R
327,1,2,3939,渡辺真至,31,4,6.84,2,0.15,15,8R,曇り,東,4,4,2020_9_22,2020_9_22_15_8R
328,2,1,4370,山口達也,24,39,6.96,1,0.18,15,8R,曇り,東,4,4,2020_9_22,2020_9_22_15_8R
329,3,5,4423,坂口貴彦,34,7,6.88,5,0.22,15,8R,曇り,東,4,4,2020_9_22,2020_9_22_15_8R
330,4,4,4515,藤田浩人,16,6,6.88,4,0.18,15,8R,曇り,東,4,4,2020_9_22,2020_9_22_15_8R
331,5,3,4675,井手良太,57,21,6.95,3,0.20,15,8R,曇り,東,4,4,2020_9_22,2020_9_22_15_8R
332,6,6,4010,越智照浩,59,3,6.85,6,0.19,15,8R,曇り,東,4,4,2020_9_22,2020_9_22_15_8R
333,1,5,4624,高田明,55,32,6.92,5,0.21,15,9R,曇り,東,4,4,2020_9_22,2020_9_22_15_9R
334,2,1,3717,立間充宏 ,8,28,6.92,1,0.14,15,9R,曇り,東,4,4,2020_9_22,2020_9_22_15_9R
335,3,4,4069,山本修一,45,58,6.95,4,0.17,15,9R,曇り,東,4,4,2020_9_22,2020_9_22_15_9R
336,4,3,3884,豊田聡,51,30,7.01,3,0.18,15,9R,曇り,東,4,4,2020_9_22,2020_9_22_15_9R
337,5,6,4645,上村純一,21,40,6.95,6,0.23,15,9R,曇り,東,4,4,2020_9_22,2020_9_22_15_9R
338,6,2,4837,酒井陽祐 ,6,25,7.02,2,0.16,15,9R,曇り,東,4,4,2020_9_22,2020_9_22_15_9R
339,1,1,4713,白神優,33,60,6.88,1,0.09,15,10R,曇り,東,4,4,2020_9_22,2020_9_22_15_10R
340,2,3,4734,安河内将,54,61,6.91,3,0.17,15,10R,曇り,東,4,4,2020_9_22,2020_9_22_15_10R
341,3,5,3439,大平誉史明,29,5,6.94,5,0.17,15,10R,曇り,東,4,4,2020_9_22,2020_9_22_15_10R
342,4,6,4003,表憲一,46,43,6.93,6,0.21,15,10R,曇り,東,4,4,2020_9_22,2020_9_22_15_10R
343,5,2,4593,小坂宗司 ,7,33,6.94,2,0.08,15,10R,曇り,東,4,4,2020_9_22,2020_9_22_15_10R
344,6,4,3600,玄馬徹,19,27,6.90,4,0.26,15,10R,曇り,東,4,4,2020_9_22,2020_9_22_15_10R
345,1,1,3158,島川光男,20,38,6.89,1,0.14,15,11R,曇り,東,5,5,2020_9_22,2020_9_22_15_11R
346,2,6,3939,渡辺真至,31,4,6.83,6,0.14,15,11R,曇り,東,5,5,2020_9_22,2020_9_22_15_11R
347,3,4,4788,小池哲也,44,23,6.94,4,0.19,15,11R,曇り,東,5,5,2020_9_22,2020_9_22_15_11R
348,4,3,4649,和田操拓,32,48,6.88,3,0.18,15,11R,曇り,東,5,5,2020_9_22,2020_9_22_15_11R
349,5,5,3501,川上昇平,58,44,6.92,5,0.17,15,11R,曇り,東,5,5,2020_9_22,2020_9_22_15_11R
350,6,2,4155,長野壮志郎,30,66,6.92,2,0.17,15,11R,曇り,東,5,5,2020_9_22,2020_9_22_15_11R
351,1,1,3721,守田俊介,22,65,7.03,1,0.07,15,12R,曇り,東,4,4,2020_9_22,2020_9_22_15_12R
352,2,6,4061,萩原秀人,65,14,6.86,6,0.20,15,12R,曇り,東,4,4,2020_9_22,2020_9_22_15_12R
353,3,4,3849,中岡正彦,64,46,6.92,4,0.09,15,12R,曇り,東,4,4,2020_9_22,2020_9_22_15_12R
354,4,2,3475,橋本久和,47,26,6.95,2,0.12,15,12R,曇り,東,4,4,2020_9_22,2020_9_22_15_12R
355,5,5,4370,山口達也,24,39,7.02,5,0.19,15,12R,曇り,東,4,4,2020_9_22,2020_9_22_15_12R
356,6,3,3731,高濱芳久,53,59,6.96,3,0.08,15,12R,曇り,東,4,4,2020_9_22,2020_9_22_15_12R
357,1,5,4359,横川聖志,64,65,6.80,4,0.03,14,1R,晴,無風,0,1,2020_9_22,2020_9_22_14_1R
358,2,3,4204,柴田大輔,55,57,6.82,3,0.12,14,1R,晴,無風,0,1,2020_9_22,2020_9_22_14_1R
359,3,4,5061,中村駿平,59,58,6.78,5,0.04,14,1R,晴,無風,0,1,2020_9_22,2020_9_22_14_1R
360,4,1,4928,栗城匠,31,13,6.78,1,0.17,14,1R,晴,無風,0,1,2020_9_22,2020_9_22_14_1R
361,5,6,5105,富田恕生,39,78,6.78,6,0.11,14,1R,晴,無風,0,1,2020_9_22,2020_9_22_14_1R
362,6,2,5067,山田真聖,29,16,6.77,2,0.21,14,1R,晴,無風,0,1,2020_9_22,2020_9_22_14_1R
363,1,1,3684,清水攻二,74,23,6.82,1,0.11,14,2R,晴,無風,0,1,2020_9_22,2020_9_22_14_2R
364,2,4,4435,服部達哉,66,71,6.84,4,0.11,14,2R,晴,無風,0,1,2020_9_22,2020_9_22_14_2R
365,3,6,4588,田中京介,23,56,6.84,6,0.09,14,2R,晴,無風,0,1,2020_9_22,2020_9_22_14_2R
366,4,3,3974,深山祐二,25,27,6.82,3,0.10,14,2R,晴,無風,0,1,2020_9_22,2020_9_22_14_2R
367,5,2,4070,中村亮太,51,32,6.69,2,0.11,14,2R,晴,無風,0,1,2020_9_22,2020_9_22_14_2R
368,6,5,3855,大熊辰弥,77,59,6.80,5,0.09,14,2R,晴,無風,0,1,2020_9_22,2020_9_22_14_2R
369,1,3,4436,渋谷明憲,36,84,6.84,3,0.11,14,3R,晴,北西,2,2,2020_9_22,2020_9_22_14_3R
370,2,2,3904,森貴洋,75,60,6.85,2,0.08,14,3R,晴,北西,2,2,2020_9_22,2020_9_22_14_3R
371,3,5,3539,金子順一,54,22,6.80,5,0.18,14,3R,晴,北西,2,2,2020_9_22,2020_9_22_14_3R
372,4,4,4709,岡村将也,69,76,6.84,4,0.12,14,3R,晴,北西,2,2,2020_9_22,2020_9_22_14_3R
373,5,1,3550,都築正治,21,64,6.78,1,0.12,14,3R,晴,北西,2,2,2020_9_22,2020_9_22_14_3R
374,6,6,5084,末永和也,73,74,6.83,6,0.13,14,3R,晴,北西,2,2,2020_9_22,2020_9_22_14_3R
375,1,4,3338,出本正博,50,79,6.90,4,0.07,14,4R,晴,北西,3,3,2020_9_22,2020_9_22_14_4R
376,2,1,3683,小羽正作,60,11,6.98,1,0.11,14,4R,晴,北西,3,3,2020_9_22,2020_9_22_14_4R
377,3,5,3333,丸尾義孝,27,20,6.87,5,0.09,14,4R,晴,北西,3,3,2020_9_22,2020_9_22_14_4R
378,4,2,4557,松尾光広,14,52,6.90,2,0.14,14,4R,晴,北西,3,3,2020_9_22,2020_9_22_14_4R
379,5,3,4258,関根彰人,63,17,6.96,3,0.17,14,4R,晴,北西,3,3,2020_9_22,2020_9_22_14_4R
380,6,6,5107,松本真広,61,36,6.89,6,0.16,14,4R,晴,北西,3,3,2020_9_22,2020_9_22_14_4R
381,1,1,3430,角浜修,80,39,6.82,1,0.14,14,5R,晴,北西,3,3,2020_9_22,2020_9_22_14_5R
382,2,4,3743,林美憲,11,26,6.79,2,0.17,14,5R,晴,北西,3,3,2020_9_22,2020_9_22_14_5R
383,3,3,4952,吉武真也,70,35,6.83,4,0.24,14,5R,晴,北西,3,3,2020_9_22,2020_9_22_14_5R
384,4,5,4452,松尾祭,26,33,6.84,5,0.19,14,5R,晴,北西,3,3,2020_9_22,2020_9_22_14_5R
385,5,6,5074,大澤誠也,30,28,6.94,6,0.27,14,5R,晴,北西,3,3,2020_9_22,2020_9_22_14_5R
386,6,2,4950,高岡竜也,81,82,6.94,3,0.25,14,5R,晴,北西,3,3,2020_9_22,2020_9_22_14_5R
387,1,1,4359,横川聖志,64,65,6.80,1,0.13,14,6R,晴,北西,3,3,2020_9_22,2020_9_22_14_6R
388,2,4,4471,新田泰章,79,14,6.82,4,0.16,14,6R,晴,北西,3,3,2020_9_22,2020_9_22_14_6R
389,3,5,3952,中澤和志,15,18,6.83,5,0.14,14,6R,晴,北西,3,3,2020_9_22,2020_9_22_14_6R
390,4,6,4376,藤田靖弘,78,37,6.91,6,0.18,14,6R,晴,北西,3,3,2020_9_22,2020_9_22_14_6R
391,5,2,3753,河上哲也,24,10,6.93,2,0.16,14,6R,晴,北西,3,3,2020_9_22,2020_9_22_14_6R
392,6,3,3471,赤峰和也,56,61,6.87,3,0.15,14,6R,晴,北西,3,3,2020_9_22,2020_9_22_14_6R
393,1,2,4102,益田啓司,76,67,6.85,2,0.11,14,7R,晴,北西,2,2,2020_9_22,2020_9_22_14_7R
394,2,3,4588,田中京介,23,56,6.84,3,0.14,14,7R,晴,北西,2,2,2020_9_22,2020_9_22_14_7R
395,3,1,3539,金子順一,54,22,6.83,1,0.16,14,7R,晴,北西,2,2,2020_9_22,2020_9_22_14_7R
396,4,5,5061,中村駿平,59,58,6.76,5,0.15,14,7R,晴,北西,2,2,2020_9_22,2020_9_22_14_7R
397,5,6,3631,田添康介,53,34,6.83,6,0.14,14,7R,晴,北西,2,2,2020_9_22,2020_9_22_14_7R
398,1,2,4204,柴田大輔,55,57,6.78,2,0.30,14,8R,晴,北西,3,3,2020_9_22,2020_9_22_14_8R
399,2,3,4366,前沢丈史,68,68,6.81,3,0.22,14,8R,晴,北西,3,3,2020_9_22,2020_9_22_14_8R
400,3,1,3820,樫葉次郎,33,70,6.79,1,0.28,14,8R,晴,北西,3,3,2020_9_22,2020_9_22_14_8R
401,4,4,4505,島田賢人,17,75,6.90,4,0.18,14,8R,晴,北西,3,3,2020_9_22,2020_9_22_14_8R
402,5,6,3974,深山祐二,25,27,6.75,5,0.21,14,8R,晴,北西,3,3,2020_9_22,2020_9_22_14_8R
403,6,5,5107,松本真広,61,36,6.89,6,0.30,14,8R,晴,北西,3,3,2020_9_22,2020_9_22_14_8R
404,1,1,4709,岡村将也,69,76,6.88,1,0.11,14,9R,晴,北西,3,3,2020_9_22,2020_9_22_14_9R
405,2,2,3333,丸尾義孝,27,20,6.87,2,0.18,14,9R,晴,北西,3,3,2020_9_22,2020_9_22_14_9R
406,3,3,4435,服部達哉,66,71,6.95,3,0.18,14,9R,晴,北西,3,3,2020_9_22,2020_9_22_14_9R
407,4,5,3430,角浜修,80,39,6.93,5,0.18,14,9R,晴,北西,3,3,2020_9_22,2020_9_22_14_9R
408,5,6,3642,大塚浩二,18,63,6.76,6,0.18,14,9R,晴,北西,3,3,2020_9_22,2020_9_22_14_9R
409,6,4,5067,山田真聖,29,16,6.86,4,0.13,14,9R,晴,北西,3,3,2020_9_22,2020_9_22_14_9R
410,1,2,4558,宮野仁,20,77,6.81,2,0.12,14,10R,晴,北西,3,3,2020_9_22,2020_9_22_14_10R
411,2,3,3719,辻栄蔵,35,25,6.87,3,0.12,14,10R,晴,北西,3,3,2020_9_22,2020_9_22_14_10R
412,3,1,3753,河上哲也,24,10,6.88,1,0.04,14,10R,晴,北西,3,3,2020_9_22,2020_9_22_14_10R
413,4,6,3904,森貴洋,75,60,6.85,6,0.13,14,10R,晴,北西,3,3,2020_9_22,2020_9_22_14_10R
414,5,4,4952,吉武真也,70,35,6.80,4,0.15,14,10R,晴,北西,3,3,2020_9_22,2020_9_22_14_10R
415,6,5,3684,清水攻二,74,23,6.91,5,0.16,14,10R,晴,北西,3,3,2020_9_22,2020_9_22_14_10R
416,1,2,3743,林美憲,11,26,6.72,2,0.13,14,11R,晴,北西,2,2,2020_9_22,2020_9_22_14_11R
417,2,3,4748,渡邉雄朗,10,30,6.81,3,0.14,14,11R,晴,北西,2,2,2020_9_22,2020_9_22_14_11R
418,3,5,4471,新田泰章,79,14,6.82,4,0.16,14,11R,晴,北西,2,2,2020_9_22,2020_9_22_14_11R
419,4,1,3558,山本浩次,72,55,6.82,1,0.12,14,11R,晴,北西,2,2,2020_9_22,2020_9_22_14_11R
420,5,6,4436,渋谷明憲,36,84,6.82,5,0.17,14,11R,晴,北西,2,2,2020_9_22,2020_9_22_14_11R
421,6,4,3683,小羽正作,60,11,6.83,6,0.24,14,11R,晴,北西,2,2,2020_9_22,2020_9_22_14_11R
422,1,1,3952,中澤和志,15,18,6.77,1,0.07,14,12R,晴,北西,2,2,2020_9_22,2020_9_22_14_12R
423,2,3,4928,栗城匠,31,13,6.82,4,0.14,14,12R,晴,北西,2,2,2020_9_22,2020_9_22_14_12R
424,3,5,4102,益田啓司,76,67,6.90,6,0.18,14,12R,晴,北西,2,2,2020_9_22,2020_9_22_14_12R
425,4,2,4505,島田賢人,17,75,6.84,2,0.13,14,12R,晴,北西,2,2,2020_9_22,2020_9_22_14_12R
426,1,1,4926,吉川貴仁,21,35,6.71,1,0.05,,1R,晴,北東,4,3,2020_9_22,
427,2,2,4739,中村晃朋,57,43,6.74,2,0.11,,1R,晴,北東,4,3,2020_9_22,
428,3,3,4769,馬場剛,23,53,6.76,3,0.10,,1R,晴,北東,4,3,2020_9_22,
429,4,4,4852,川原祐明,27,51,6.82,4,0.15,,1R,晴,北東,4,3,2020_9_22,
430,5,6,4817,渡邉翼,34,40,6.76,6,0.28,,1R,晴,北東,4,3,2020_9_22,
431,6,5,4818,伏見俊介,60,46,6.77,5,0.22,,1R,晴,北東,4,3,2020_9_22,
432,1,1,4960,黒野元基,30,66,6.75,1,0.11,,2R,晴,北東,5,4,2020_9_22,
433,2,3,4932,新開航,14,61,6.76,3,0.13,,2R,晴,北東,5,4,2020_9_22,
434,3,5,4856,豊田健士郎,33,47,6.80,5,0.29,,2R,晴,北東,5,4,2020_9_22,
435,4,2,4964,土屋南,50,29,6.77,2,0.11,,2R,晴,北東,5,4,2020_9_22,
436,5,4,4802,中田達也,49,50,6.80,4,0.24,,2R,晴,北東,5,4,2020_9_22,
437,6,6,4875,大塚康雅,45,14,6.82,6,0.31,,2R,晴,北東,5,4,2020_9_22,
438,1,1,4587,木田峰由季,17,20,6.75,1,0.13,,3R,晴,北東,4,4,2020_9_22,
439,2,2,4914,吉田裕平,47,64,6.72,2,0.12,,3R,晴,北東,4,4,2020_9_22,
440,3,5,4961,西橋奈未,32,15,6.75,5,0.23,,3R,晴,北東,4,4,2020_9_22,
441,4,3,4561,藤山翔大,52,73,6.73,3,0.21,,3R,晴,北東,4,4,2020_9_22,
442,5,6,4910,中村泰平,56,58,6.79,6,0.21,,3R,晴,北東,4,4,2020_9_22,
443,6,4,4715,村上遼,43,13,6.91,4,0.18,,3R,晴,北東,4,4,2020_9_22,
444,1,4,4959,井上忠政,59,22,6.75,4,0.05,,4R,晴,北,3,3,2020_9_22,
445,2,3,4736,高倉和士,18,57,6.82,3,0.04,,4R,晴,北,3,3,2020_9_22,
446,3,6,4857,加藤翔馬,25,70,6.89,6,0.04,,4R,晴,北,3,3,2020_9_22,
447,4,5,4907,小池修平,26,72,6.75,5,0.06,,4R,晴,北,3,3,2020_9_22,
448,1,1,4682,大上卓人,11,17,6.73,1,0.22,,5R,晴,北東,4,4,2020_9_22,
449,2,3,4822,百武翔,58,54,6.79,3,0.21,,5R,晴,北東,4,4,2020_9_22,
450,3,4,4771,下寺秀和,40,60,6.77,4,0.21,,5R,晴,北東,4,4,2020_9_22,
451,4,6,4769,馬場剛,23,53,6.75,6,0.14,,5R,晴,北東,4,4,2020_9_22,
452,5,2,4743,木村仁紀,63,19,6.80,2,0.21,,5R,晴,北東,4,4,2020_9_22,
453,6,5,4885,大山千広,12,16,6.79,5,0.24,,5R,晴,北東,4,4,2020_9_22,
454,1,1,4939,宮之原輝紀,16,26,6.74,1,0.25,,6R,曇り,北東,4,4,2020_9_22,
455,2,3,4824,松井洪弥,67,68,6.73,3,0.13,,6R,曇り,北東,4,4,2020_9_22,
456,3,5,4640,山ノ内雅人,37,34,6.78,5,0.07,,6R,曇り,北東,4,4,2020_9_22,
457,4,4,4847,佐藤隆太郎,55,30,6.74,4,0.08,,6R,曇り,北東,4,4,2020_9_22,
458,5,6,4776,竹田和哉,61,55,6.91,6,0.05,,6R,曇り,北東,4,4,2020_9_22,
459,6,2,4848,仲谷颯仁,15,31,6.86,2,0.12,,6R,曇り,北東,4,4,2020_9_22,
460,1,1,4589,塩崎桐加,39,36,6.77,1,0.06,,7R,曇り,北東,5,5,2020_9_22,
461,2,2,4901,出口舞有子,51,33,6.81,2,0.03,,7R,曇り,北東,5,5,2020_9_22,
462,3,5,4964,土屋南,50,29,6.78,5,0.12,,7R,曇り,北東,5,5,2020_9_22,
463,4,6,4804,高田ひかる,65,37,6.83,6,0.11,,7R,曇り,北東,5,5,2020_9_22,
464,5,3,4825,倉持莉々,24,18,6.85,3,0.13,,7R,曇り,北東,5,5,2020_9_22,
465,6,4,4590,渡邉優美,35,23,6.87,4,0.09,,7R,曇り,北東,5,5,2020_9_22,
466,1,1,4831,羽野直也,13,39,6.77,1,0.17,,8R,曇り,東,3,3,2020_9_22,
467,2,2,4983,前田篤哉,20,69,6.76,2,0.21,,8R,曇り,東,3,3,2020_9_22,
468,3,4,4910,中村泰平,56,58,6.80,4,0.31,,8R,曇り,東,3,3,2020_9_22,
469,4,6,4802,中田達也,49,50,6.74,6,0.34,,8R,曇り,東,3,3,2020_9_22,
470,5,5,4959,井上忠政,59,22,6.74,5,0.32,,8R,曇り,東,3,3,2020_9_22,
471,6,3,4714,喜多須杏奈,54,49,6.82,3,0.25,,8R,曇り,東,3,3,2020_9_22,
472,1,1,4719,上條暢嵩,66,27,6.71,1,0.18,,9R,曇り,北東,4,4,2020_9_22,
473,2,3,4771,下寺秀和,40,60,6.78,3,0.18,,9R,曇り,北東,4,4,2020_9_22,
474,3,4,4856,豊田健士郎,33,47,6.82,4,0.15,,9R,曇り,北東,4,4,2020_9_22,
475,4,6,4736,高倉和士,18,57,6.86,6,0.25,,9R,曇り,北東,4,4,2020_9_22,
476,5,5,4852,川原祐明,27,51,6.76,5,0.15,,9R,曇り,北東,4,4,2020_9_22,
477,6,2,4539,金子賢志,31,32,6.75,2,0.19,,9R,曇り,北東,4,4,2020_9_22,
478,1,5,4914,吉田裕平,47,64,6.76,5,0.17,,10R,曇り,北東,3,3,2020_9_22,
479,2,2,4960,黒野元基,30,66,6.64,2,0.08,,10R,曇り,北東,3,3,2020_9_22,
480,3,1,4901,出口舞有子,51,33,6.69,1,0.03,,10R,曇り,北東,3,3,2020_9_22,
481,4,6,4939,宮之原輝紀,16,26,6.80,6,0.19,,10R,曇り,北東,3,3,2020_9_22,
482,5,4,4926,吉川貴仁,21,35,6.66,4,0.11,,10R,曇り,北東,3,3,2020_9_22,
483,6,3,4850,野中一平,62,25,6.71,3,0.12,,10R,曇り,北東,3,3,2020_9_22,
484,1,1,4848,仲谷颯仁,15,31,6.79,1,0.17,,11R,曇り,東,1,1,2020_9_22,
485,2,2,4682,大上卓人,11,17,6.88,2,0.20,,11R,曇り,東,1,1,2020_9_22,
486,3,6,4828,松山将吾,44,45,6.90,6,0.21,,11R,曇り,東,1,1,2020_9_22,
487,4,4,4739,中村晃朋,57,43,6.77,4,0.15,,11R,曇り,東,1,1,2020_9_22,
488,5,3,4831,羽野直也,13,39,6.84,3,0.19,,11R,曇り,東,1,1,2020_9_22,
489,6,5,4587,木田峰由季,17,20,6.83,5,0.18,,11R,曇り,東,1,1,2020_9_22,
490,1,2,4586,磯部誠,41,12,6.65,2,0.13,,12R,曇り,東,2,2,2020_9_22,
491,2,3,4659,木下翔太,22,56,6.73,3,0.07,,12R,曇り,東,2,2,2020_9_22,
492,3,1,4908,上田龍星,38,11,6.66,1,0.06,,12R,曇り,東,2,2,2020_9_22,
493,4,4,4851,関浩哉,53,44,6.74,4,0.11,,12R,曇り,東,2,2,2020_9_22,
494,5,6,4826,井上一輝,29,38,6.71,6,0.11,,12R,曇り,東,2,2,2020_9_22,
495,6,5,4796,春園功太,46,28,6.68,5,0.09,,12R,曇り,東,2,2,2020_9_22,
496,1,1,4040,廣瀬将亨,41,68,6.70,1,0.13,09,1R,晴,南東,2,1,2020_9_22,2020_9_22_09_1R
497,2,3,4815,伏島祐介,36,43,6.81,3,0.14,09,1R,晴,南東,2,1,2020_9_22,2020_9_22_09_1R
498,3,4,5051,松本純平,17,50,6.73,4,0.15,09,1R,晴,南東,2,1,2020_9_22,2020_9_22_09_1R
499,4,6,5110,杉山喜一,55,49,6.85,6,0.13,09,1R,晴,南東,2,1,2020_9_22,2020_9_22_09_1R
500,5,2,3992,関口智久,25,70,6.74,2,0.14,09,1R,晴,南東,2,1,2020_9_22,2020_9_22_09_1R
501,6,5,3949,今出晋二,28,47,6.79,5,0.18,09,1R,晴,南東,2,1,2020_9_22,2020_9_22_09_1R
502,1,1,4867,松山靖,52,40,6.75,1,0.18,09,2R,曇り,東,2,1,2020_9_22,2020_9_22_09_2R
503,2,3,5023,久永祥平,12,37,6.76,3,0.14,09,2R,曇り,東,2,1,2020_9_22,2020_9_22_09_2R
504,3,6,5122,相馬翔,13,69,6.76,6,0.13,09,2R,曇り,東,2,1,2020_9_22,2020_9_22_09_2R
505,4,2,5066,鈴木孝明,70,35,6.74,2,0.15,09,2R,曇り,東,2,1,2020_9_22,2020_9_22_09_2R
506,5,5,3989,熊本英一,51,76,6.78,5,0.22,09,2R,曇り,東,2,1,2020_9_22,2020_9_22_09_2R
507,6,4,3846,藤井理,43,45,6.80,4,0.13,09,2R,曇り,東,2,1,2020_9_22,2020_9_22_09_2R
508,1,3,4702,三浦敬太,64,66,6.75,3,0.10,09,3R,曇り,東,1,1,2020_9_22,2020_9_22_09_3R
509,2,1,4247,齊藤優,20,46,6.75,1,0.14,09,3R,曇り,東,1,1,2020_9_22,2020_9_22_09_3R
510,3,4,4570,前田聖文,33,53,6.75,4,0.13,09,3R,曇り,東,1,1,2020_9_22,2020_9_22_09_3R
511,4,5,4106,坂井康嗣,65,55,6.75,5,0.20,09,3R,曇り,東,1,1,2020_9_22,2020_9_22_09_3R
512,5,2,3827,今泉徹,67,61,6.82,2,0.09,09,3R,曇り,東,1,1,2020_9_22,2020_9_22_09_3R
513,6,6,4085,荻野裕介,63,36,6.82,6,0.29,09,3R,曇り,東,1,1,2020_9_22,2020_9_22_09_3R
514,1,1,4020,川上清人,45,39,6.72,1,0.10,09,4R,曇り,東,1,1,2020_9_22,2020_9_22_09_4R
515,2,2,4138,中井俊祐,73,48,6.77,2,0.16,09,4R,曇り,東,1,1,2020_9_22,2020_9_22_09_4R
516,3,6,4118,宇佐見淳,46,64,6.71,6,0.20,09,4R,曇り,東,1,1,2020_9_22,2020_9_22_09_4R
517,4,4,4918,川島拓郎,31,65,6.72,4,0.15,09,4R,曇り,東,1,1,2020_9_22,2020_9_22_09_4R
518,5,3,3606,川北浩貴,18,59,6.78,3,0.14,09,4R,曇り,東,1,1,2020_9_22,2020_9_22_09_4R
519,6,5,3176,長谷川巌,37,60,6.76,5,0.19,09,4R,曇り,東,1,1,2020_9_22,2020_9_22_09_4R
520,1,1,3902,蜷川哲平,16,34,6.70,1,0.14,09,5R,曇り,東,1,1,2020_9_22,2020_9_22_09_5R
521,2,3,3992,関口智久,25,70,6.71,3,0.14,09,5R,曇り,東,1,1,2020_9_22,2020_9_22_09_5R
522,3,5,4815,伏島祐介,36,43,6.78,5,0.06,09,5R,曇り,東,1,1,2020_9_22,2020_9_22_09_5R
523,4,6,5010,宇留田翔平,72,73,6.77,6,0.10,09,5R,曇り,東,1,1,2020_9_22,2020_9_22_09_5R
524,5,2,3596,河上年昭,34,62,6.75,2,0.12,09,5R,曇り,東,1,1,2020_9_22,2020_9_22_09_5R
525,6,4,4785,木幡純也,54,75,6.76,4,0.09,09,5R,曇り,東,1,1,2020_9_22,2020_9_22_09_5R
526,1,1,3868,尾形栄治,69,38,6.73,1,0.09,09,6R,曇り,東,1,1,2020_9_22,2020_9_22_09_6R
527,2,4,5023,久永祥平,12,37,6.79,4,0.12,09,6R,曇り,東,1,1,2020_9_22,2020_9_22_09_6R
528,3,6,4437,中田元泰,29,58,6.74,5,0.17,09,6R,曇り,東,1,1,2020_9_22,2020_9_22_09_6R
529,4,2,3602,奥平拓也,11,67,6.83,2,0.13,09,6R,曇り,東,1,1,2020_9_22,2020_9_22_09_6R
530,5,3,5051,松本純平,17,50,6.76,3,0.22,09,6R,曇り,東,1,1,2020_9_22,2020_9_22_09_6R
531,6,5,5122,相馬翔,13,69,6.78,6,0.14,09,6R,曇り,東,1,1,2020_9_22,2020_9_22_09_6R
532,1,2,4570,前田聖文,33,53,6.76,2,0.16,09,7R,曇り,南東,1,1,2020_9_22,2020_9_22_09_7R
533,2,1,3882,新田智彰,35,29,6.79,1,0.17,09,7R,曇り,南東,1,1,2020_9_22,2020_9_22_09_7R
534,3,3,3915,繁野谷圭介,21,32,6.78,3,0.28,09,7R,曇り,南東,1,1,2020_9_22,2020_9_22_09_7R
535,4,6,3581,加木郁,19,31,6.78,5,0.15,09,7R,曇り,南東,1,1,2020_9_22,2020_9_22_09_7R
536,5,4,5110,杉山喜一,55,49,6.81,6,0.11,09,7R,曇り,南東,1,1,2020_9_22,2020_9_22_09_7R
537,6,5,3846,藤井理,43,45,6.79,4,0.20,09,7R,曇り,南東,1,1,2020_9_22,2020_9_22_09_7R
538,1,1,3788,一宮稔弘,48,33,6.74,1,0.11,09,8R,曇り,南東,1,1,2020_9_22,2020_9_22_09_8R
539,2,2,4918,川島拓郎,31,65,6.78,2,0.11,09,8R,曇り,南東,1,1,2020_9_22,2020_9_22_09_8R
540,3,3,4888,金児隆太,14,41,6.78,3,0.14,09,8R,曇り,南東,1,1,2020_9_22,2020_9_22_09_8R
541,4,5,4138,中井俊祐,73,48,6.82,5,0.12,09,8R,曇り,南東,1,1,2020_9_22,2020_9_22_09_8R
542,5,4,3949,今出晋二,28,47,6.78,4,0.17,09,8R,曇り,南東,1,1,2020_9_22,2020_9_22_09_8R
543,6,6,5066,鈴木孝明,70,35,6.74,6,0.23,09,8R,曇り,南東,1,1,2020_9_22,2020_9_22_09_8R
544,1,2,3176,長谷川巌,37,60,6.79,2,0.14,09,9R,雨,無風,0,0,2020_9_22,2020_9_22_09_9R
545,2,1,3606,川北浩貴,18,59,6.82,1,0.15,09,9R,雨,無風,0,0,2020_9_22,2020_9_22_09_9R
546,3,5,3534,野澤大二,58,57,6.78,5,0.14,09,9R,雨,無風,0,0,2020_9_22,2020_9_22_09_9R
547,4,6,4785,木幡純也,54,75,6.76,6,0.20,09,9R,雨,無風,0,0,2020_9_22,2020_9_22_09_9R
548,5,4,4106,坂井康嗣,65,55,6.77,4,0.18,09,9R,雨,無風,0,0,2020_9_22,2020_9_22_09_9R
549,1,1,4118,宇佐見淳,46,64,6.75,1,0.16,09,10R,雨,南東,1,1,2020_9_22,2020_9_22_09_10R
550,2,6,4040,廣瀬将亨,41,68,6.77,6,0.11,09,10R,雨,南東,1,1,2020_9_22,2020_9_22_09_10R
551,3,2,4702,三浦敬太,64,66,6.76,2,0.13,09,10R,雨,南東,1,1,2020_9_22,2020_9_22_09_10R
552,4,5,3882,新田智彰,35,29,6.83,5,0.16,09,10R,雨,南東,1,1,2020_9_22,2020_9_22_09_10R
553,5,4,3602,奥平拓也,11,67,6.87,4,0.13,09,10R,雨,南東,1,1,2020_9_22,2020_9_22_09_10R
554,6,3,3868,尾形栄治,69,38,6.79,3,0.23,09,10R,雨,南東,1,1,2020_9_22,2020_9_22_09_10R
555,1,2,3788,一宮稔弘,48,33,6.75,2,0.17,09,11R,雨,無風,0,0,2020_9_22,2020_9_22_09_11R
556,2,1,3915,繁野谷圭介,21,32,6.74,1,0.19,09,11R,雨,無風,0,0,2020_9_22,2020_9_22_09_11R
557,3,5,3596,河上年昭,34,62,6.78,5,0.17,09,11R,雨,無風,0,0,2020_9_22,2020_9_22_09_11R
558,4,4,3902,蜷川哲平,16,34,6.77,4,0.18,09,11R,雨,無風,0,0,2020_9_22,2020_9_22_09_11R
559,5,6,4247,齊藤優,20,46,6.77,6,0.16,09,11R,雨,無風,0,0,2020_9_22,2020_9_22_09_11R
560,6,3,4020,川上清人,45,39,6.75,3,0.30,09,11R,雨,無風,0,0,2020_9_22,2020_9_22_09_11R
561,1,1,4024,井口佳典,53,30,6.78,1,0.06,09,12R,雨,南,1,1,2020_9_22,2020_9_22_09_12R
562,2,2,4537,渡邉和将,68,24,6.74,2,0.07,09,12R,雨,南,1,1,2020_9_22,2020_9_22_09_12R
563,3,4,4512,高野哲史,38,44,6.72,4,0.04,09,12R,雨,南,1,1,2020_9_22,2020_9_22_09_12R
564,4,6,4030,森高一真,59,71,6.77,6,0.05,09,12R,雨,南,1,1,2020_9_22,2020_9_22_09_12R
565,5,3,3813,佐藤大介,71,72,6.76,3,0.03,09,12R,雨,南,1,1,2020_9_22,2020_9_22_09_12R
566,6,5,3711,江本真治,60,52,6.81,5,0.10,09,12R,雨,南,1,1,2020_9_22,2020_9_22_09_12R
567,1,3,4579,中嶋健一郎,54,59,6.73,3,0.17,08,1R,晴,西,2,1,2020_9_22,2020_9_22_08_1R
568,2,1,4310,横家翔一,38,25,6.61,1,0.10,08,1R,晴,西,2,1,2020_9_22,2020_9_22_08_1R
569,3,5,4380,鈴木峻佑,22,34,6.71,5,0.30,08,1R,晴,西,2,1,2020_9_22,2020_9_22_08_1R
570,4,4,4026,小林晋,40,48,6.70,4,0.37,08,1R,晴,西,2,1,2020_9_22,2020_9_22_08_1R
571,5,2,3682,切田潤二,36,73,6.72,2,0.18,08,1R,晴,西,2,1,2020_9_22,2020_9_22_08_1R
572,6,6,3931,黒崎竜也,29,32,6.71,6,0.34,08,1R,晴,西,2,1,2020_9_22,2020_9_22_08_1R
573,1,1,3851,森田昭彦,20,38,6.73,1,0.08,08,2R,晴,西,2,1,2020_9_22,2020_9_22_08_2R
574,2,2,4100,松田隆司,25,35,6.73,2,0.13,08,2R,晴,西,2,1,2020_9_22,2020_9_22_08_2R
575,3,3,4298,宮下元胤,59,72,6.63,3,0.17,08,2R,晴,西,2,1,2020_9_22,2020_9_22_08_2R
576,4,4,4257,古川健,41,16,6.75,4,0.09,08,2R,晴,西,2,1,2020_9_22,2020_9_22_08_2R
577,5,6,3811,石田章央,42,11,6.73,5,0.11,08,2R,晴,西,2,1,2020_9_22,2020_9_22_08_2R
578,6,5,3294,野中義生,10,12,6.71,6,0.07,08,2R,晴,西,2,1,2020_9_22,2020_9_22_08_2R
579,1,4,5068,前田滉 ,7,62,6.70,4,0.07,08,3R,曇り,北西,2,1,2020_9_22,2020_9_22_08_3R
580,2,5,3656,伯母芳恒 ,2,47,6.72,5,0.12,08,3R,曇り,北西,2,1,2020_9_22,2020_9_22_08_3R
581,3,6,4633,森智也,13,57,6.70,6,0.18,08,3R,曇り,北西,2,1,2020_9_22,2020_9_22_08_3R
582,4,2,4342,谷野錬志,52,53,6.72,2,0.19,08,3R,曇り,北西,2,1,2020_9_22,2020_9_22_08_3R
583,5,3,3967,鈴木茂高,35,55,6.75,3,0.17,08,3R,曇り,北西,2,1,2020_9_22,2020_9_22_08_3R
584,6,1,5016,宮田龍馬,55,45,6.68,1,0.20,08,3R,曇り,北西,2,1,2020_9_22,2020_9_22_08_3R
585,1,4,4896,花本剛,53,65,6.76,4,0.14,08,4R,曇り,南,2,1,2020_9_22,2020_9_22_08_4R
586,2,5,4216,星栄爾,58,29,6.78,5,0.13,08,4R,曇り,南,2,1,2020_9_22,2020_9_22_08_4R
587,3,3,4403,木下大將,56,67,6.78,3,0.23,08,4R,曇り,南,2,1,2020_9_22,2020_9_22_08_4R
588,4,6,4911,片岡大地,18,69,6.72,6,0.15,08,4R,曇り,南,2,1,2020_9_22,2020_9_22_08_4R
589,5,1,4356,長岡良也 ,5,33,6.73,1,0.15,08,4R,曇り,南,2,1,2020_9_22,2020_9_22_08_4R
590,6,2,4229,市川美宏,34,71,6.75,2,0.19,08,4R,曇り,南,2,1,2020_9_22,2020_9_22_08_4R
591,1,1,4256,渡辺浩司 ,1,40,6.75,1,0.13,08,5R,曇り,南東,2,1,2020_9_22,2020_9_22_08_5R
592,2,6,4579,中嶋健一郎,54,59,6.80,6,0.13,08,5R,曇り,南東,2,1,2020_9_22,2020_9_22_08_5R
593,3,5,4438,森作雄大,32,61,6.70,5,0.11,08,5R,曇り,南東,2,1,2020_9_22,2020_9_22_08_5R
594,4,3,4302,西野翔太,26,18,6.68,3,0.22,08,5R,曇り,南東,2,1,2020_9_22,2020_9_22_08_5R
595,5,4,4382,高山智至,30,44,6.76,4,0.14,08,5R,曇り,南東,2,1,2020_9_22,2020_9_22_08_5R
596,6,2,4380,鈴木峻佑,22,34,6.75,2,0.29,08,5R,曇り,南東,2,1,2020_9_22,2020_9_22_08_5R
597,1,1,3984,坂口周,11,63,6.74,1,0.17,08,6R,曇り,南西,2,1,2020_9_22,2020_9_22_08_6R
598,2,2,4179,広次修,45,15,6.75,2,0.30,08,6R,曇り,南西,2,1,2020_9_22,2020_9_22_08_6R
599,3,3,3792,田中豪 ,6,13,6.71,3,0.34,08,6R,曇り,南西,2,1,2020_9_22,2020_9_22_08_6R
600,4,4,4790,柳内敬太,31,70,6.74,5,0.24,08,6R,曇り,南西,2,1,2020_9_22,2020_9_22_08_6R
601,5,6,4100,松田隆司,25,35,6.75,6,0.31,08,6R,曇り,南西,2,1,2020_9_22,2020_9_22_08_6R
602,6,5,4310,横家翔一,38,25,6.78,4,0.22,08,6R,曇り,南西,2,1,2020_9_22,2020_9_22_08_6R
603,1,2,4172,森定晃史,44,24,6.73,2,0.07,08,7R,曇り,南西,2,1,2020_9_22,2020_9_22_08_7R
604,2,1,4104,木下陽介,37,49,6.67,1,0.13,08,7R,曇り,南西,2,1,2020_9_22,2020_9_22_08_7R
605,3,3,4604,岩瀬裕亮,48,74,6.74,3,0.13,08,7R,曇り,南西,2,1,2020_9_22,2020_9_22_08_7R
606,4,4,4298,宮下元胤,59,72,6.72,4,0.19,08,7R,曇り,南西,2,1,2020_9_22,2020_9_22_08_7R
607,5,6,4026,小林晋,40,48,6.85,6,0.25,08,7R,曇り,南西,2,1,2020_9_22,2020_9_22_08_7R
608,6,5,4257,古川健,41,16,6.78,5,0.19,08,7R,曇り,南西,2,1,2020_9_22,2020_9_22_08_7R
609,1,1,3946,赤岩善生,15,56,6.74,1,0.28,08,8R,曇り,南西,2,1,2020_9_22,2020_9_22_08_8R
610,2,4,4218,吉川喜継 ,8,14,6.77,4,0.31,08,8R,曇り,南西,2,1,2020_9_22,2020_9_22_08_8R
611,3,6,4896,花本剛,53,65,6.78,6,0.31,08,8R,曇り,南西,2,1,2020_9_22,2020_9_22_08_8R
612,4,5,3682,切田潤二,36,73,6.78,5,0.32,08,8R,曇り,南西,2,1,2020_9_22,2020_9_22_08_8R
613,5,2,3294,野中義生,10,12,6.72,2,0.32,08,8R,曇り,南西,2,1,2020_9_22,2020_9_22_08_8R
614,6,3,3800,牧宏次,16,51,6.79,3,0.25,08,8R,曇り,南西,2,1,2020_9_22,2020_9_22_08_8R
615,1,1,4216,星栄爾,58,29,6.79,1,0.06,08,9R,曇り,南東,2,1,2020_9_22,2020_9_22_08_9R
616,2,4,3656,伯母芳恒 ,2,47,6.86,4,0.13,08,9R,曇り,南東,2,1,2020_9_22,2020_9_22_08_9R
617,3,3,3811,石田章央,42,11,6.77,3,0.14,08,9R,曇り,南東,2,1,2020_9_22,2020_9_22_08_9R
618,4,2,4438,森作雄大,32,61,6.80,2,0.11,08,9R,曇り,南東,2,1,2020_9_22,2020_9_22_08_9R
619,5,5,3931,黒崎竜也,29,32,6.77,5,0.14,08,9R,曇り,南東,2,1,2020_9_22,2020_9_22_08_9R
620,6,6,4563,齋藤真之,19,60,6.78,6,0.15,08,9R,曇り,南東,2,1,2020_9_22,2020_9_22_08_9R
621,1,1,4302,西野翔太,26,18,6.73,1,0.09,08,10R,曇り,南東,2,1,2020_9_22,2020_9_22_08_10R
622,2,2,3984,坂口周,11,63,6.77,2,0.11,08,10R,曇り,南東,2,1,2020_9_22,2020_9_22_08_10R
623,3,5,5068,前田滉 ,7,62,6.81,5,0.11,08,10R,曇り,南東,2,1,2020_9_22,2020_9_22_08_10R
624,4,4,4403,木下大將,56,67,6.77,4,0.15,08,10R,曇り,南東,2,1,2020_9_22,2020_9_22_08_10R
625,5,3,4382,高山智至,30,44,6.75,3,0.15,08,10R,曇り,南東,2,1,2020_9_22,2020_9_22_08_10R
626,6,6,4179,広次修,45,15,6.78,6,0.15,08,10R,曇り,南東,2,1,2020_9_22,2020_9_22_08_10R
627,1,4,4104,木下陽介,37,49,6.70,4,0.00,08,11R,曇り,南東,2,1,2020_9_22,2020_9_22_08_11R
628,2,2,4256,渡辺浩司 ,1,40,6.76,2,0.03,08,11R,曇り,南東,2,1,2020_9_22,2020_9_22_08_11R
629,3,6,4342,谷野錬志,52,53,6.85,6,0.08,08,11R,曇り,南東,2,1,2020_9_22,2020_9_22_08_11R
630,4,5,3967,鈴木茂高,35,55,6.79,5,0.04,08,11R,曇り,南東,2,1,2020_9_22,2020_9_22_08_11R
631,5,1,3792,田中豪 ,6,13,6.74,1,0.14,08,11R,曇り,南東,2,1,2020_9_22,2020_9_22_08_11R
632,6,3,4356,長岡良也 ,5,33,6.72,3,0.06,08,11R,曇り,南東,2,1,2020_9_22,2020_9_22_08_11R
633,1,1,4604,岩瀬裕亮,48,74,6.73,1,0.08,08,12R,雨,南西,2,1,2020_9_22,2020_9_22_08_12R
634,2,4,3800,牧宏次,16,51,6.77,4,0.10,08,12R,雨,南西,2,1,2020_9_22,2020_9_22_08_12R
635,3,6,4229,市川美宏,34,71,6.77,6,0.11,08,12R,雨,南西,2,1,2020_9_22,2020_9_22_08_12R
636,4,5,4790,柳内敬太,31,70,6.70,5,0.08,08,12R,雨,南西,2,1,2020_9_22,2020_9_22_08_12R
637,5,3,4172,森定晃史,44,24,6.74,3,0.19,08,12R,雨,南西,2,1,2020_9_22,2020_9_22_08_12R
638,6,2,3946,赤岩善生,15,56,6.78,2,0.20,08,12R,雨,南西,2,1,2020_9_22,2020_9_22_08_12R
639,1,1,2983,鵜飼菜穂子,67,32,6.72,1,0.16,07,1R,雨,南東,3,1,2020_9_22,2020_9_22_07_1R
640,2,2,3177,宮本紀美,55,24,6.73,2,0.20,07,1R,雨,南東,3,1,2020_9_22,2020_9_22_07_1R
641,3,5,5057,上田紗奈,18,77,6.71,5,0.10,07,1R,雨,南東,3,1,2020_9_22,2020_9_22_07_1R
642,4,3,4240,今井裕梨,20,18,6.73,3,0.22,07,1R,雨,南東,3,1,2020_9_22,2020_9_22_07_1R
643,5,6,5078,山川波乙,75,29,6.71,6,0.09,07,1R,雨,南東,3,1,2020_9_22,2020_9_22_07_1R
644,6,4,5069,山崎小葉音,40,72,6.75,4,0.08,07,1R,雨,南東,3,1,2020_9_22,2020_9_22_07_1R
645,1,2,4246,喜多那由夏,62,41,6.75,2,0.14,07,2R,雨,南東,2,1,2020_9_22,2020_9_22_07_2R
646,2,3,3580,水口由紀,24,75,6.76,3,0.12,07,2R,雨,南東,2,1,2020_9_22,2020_9_22_07_2R
647,3,5,4773,中川りな,13,53,6.70,5,0.22,07,2R,雨,南東,2,1,2020_9_22,2020_9_22_07_2R
648,4,1,4479,矢野真梨菜,15,70,6.75,1,0.15,07,2R,雨,南東,2,1,2020_9_22,2020_9_22_07_2R
649,5,4,4897,深見亜由美,73,36,6.86,4,0.13,07,2R,雨,南東,2,1,2020_9_22,2020_9_22_07_2R
650,6,6,4283,石井裕美,71,68,6.72,6,0.11,07,2R,雨,南東,2,1,2020_9_22,2020_9_22_07_2R
651,1,2,4045,佐々木裕美,68,13,6.73,2,0.03,07,3R,雨,南東,1,0,2020_9_22,2020_9_22_07_3R
652,2,1,4990,田中博子,57,39,6.76,1,0.05,07,3R,雨,南東,1,0,2020_9_22,2020_9_22_07_3R
653,3,3,4011,堀之内紀代子,63,74,6.73,3,0.02,07,3R,雨,南東,1,0,2020_9_22,2020_9_22_07_3R
654,4,5,3993,永井聖美,47,12,6.73,4,0.12,07,3R,雨,南東,1,0,2020_9_22,2020_9_22_07_3R
655,5,6,4941,孫崎百世,19,16,6.72,5,0.16,07,3R,雨,南東,1,0,2020_9_22,2020_9_22_07_3R
656,6,4,5113,黒明花夢,64,15,6.72,6,0.06,07,3R,雨,南東,1,0,2020_9_22,2020_9_22_07_3R
657,1,1,4244,鈴木成美,14,22,6.68,1,0.12,07,4R,雨,南東,1,0,2020_9_22,2020_9_22_07_4R
658,2,2,3801,五反田忍,58,11,6.70,2,0.19,07,4R,雨,南東,1,0,2020_9_22,2020_9_22_07_4R
659,3,6,4123,細川裕子,77,57,6.71,5,0.20,07,4R,雨,南東,1,0,2020_9_22,2020_9_22_07_4R
660,4,5,3470,新田芳美,50,55,6.72,4,0.23,07,4R,雨,南東,1,0,2020_9_22,2020_9_22_07_4R
661,5,4,5123,福山恵里奈,41,34,6.73,6,0.20,07,4R,雨,南東,1,0,2020_9_22,2020_9_22_07_4R
662,6,3,3518,倉田郁美,33,58,6.63,3,0.23,07,4R,雨,南東,1,0,2020_9_22,2020_9_22_07_4R
663,1,2,3932,池田浩美,51,38,6.74,2,0.19,07,5R,雨,南東,2,1,2020_9_22,2020_9_22_07_5R
664,2,5,3611,岩崎芳美,16,47,6.64,5,0.19,07,5R,雨,南東,2,1,2020_9_22,2020_9_22_07_5R
665,3,4,3618,海野ゆかり,70,50,6.72,4,0.20,07,5R,雨,南東,2,1,2020_9_22,2020_9_22_07_5R
666,4,1,4208,三浦永理,34,62,6.71,1,0.27,07,5R,雨,南東,2,1,2020_9_22,2020_9_22_07_5R
667,5,3,3177,宮本紀美,55,24,6.70,3,0.24,07,5R,雨,南東,2,1,2020_9_22,2020_9_22_07_5R
668,6,6,4923,末武里奈子,27,60,6.72,6,0.25,07,5R,雨,南東,2,1,2020_9_22,2020_9_22_07_5R
669,1,1,4286,平田さやか,31,49,6.71,1,0.20,07,6R,雨,東,3,1,2020_9_22,2020_9_22_07_6R
670,2,2,4678,水野望美,45,45,6.78,2,0.15,07,6R,雨,東,3,1,2020_9_22,2020_9_22_07_6R
671,3,6,4399,松本晶恵,49,46,6.75,6,0.16,07,6R,雨,東,3,1,2020_9_22,2020_9_22_07_6R
672,4,3,4984,森下愛梨,65,35,6.79,3,0.15,07,6R,雨,東,3,1,2020_9_22,2020_9_22_07_6R
673,5,4,5078,山川波乙,75,29,6.75,4,0.14,07,6R,雨,東,3,1,2020_9_22,2020_9_22_07_6R
674,6,5,4479,矢野真梨菜,15,70,6.79,5,0.17,07,6R,雨,東,3,1,2020_9_22,2020_9_22_07_6R
675,1,4,4050,田口節子,74,40,6.76,4,0.05,07,7R,雨,無風,0,0,2020_9_22,2020_9_22_07_7R
676,2,1,4065,金田幸子,29,21,6.83,1,0.19,07,7R,雨,無風,0,0,2020_9_22,2020_9_22_07_7R
677,3,5,4464,山下友貴,48,37,6.82,5,0.06,07,7R,雨,無風,0,0,2020_9_22,2020_9_22_07_7R
678,4,2,2983,鵜飼菜穂子,67,32,6.88,2,0.13,07,7R,雨,無風,0,0,2020_9_22,2020_9_22_07_7R
679,5,3,4246,喜多那由夏,62,41,6.83,3,0.11,07,7R,雨,無風,0,0,2020_9_22,2020_9_22_07_7R
680,6,6,5146,野田彩加,36,14,6.87,6,0.06,07,7R,雨,無風,0,0,2020_9_22,2020_9_22_07_7R
681,1,1,4823,中村桃佳,26,27,6.79,1,0.18,07,8R,雨,無風,0,0,2020_9_22,2020_9_22_07_8R
682,2,6,4781,西舘果里,59,76,6.81,5,0.16,07,8R,雨,無風,0,0,2020_9_22,2020_9_22_07_8R
683,3,3,3470,新田芳美,50,55,6.77,3,0.20,07,8R,雨,無風,0,0,2020_9_22,2020_9_22_07_8R
684,4,5,5113,黒明花夢,64,15,6.79,6,0.15,07,8R,雨,無風,0,0,2020_9_22,2020_9_22_07_8R
685,5,2,4183,宇野弥生,23,67,6.82,2,0.17,07,8R,雨,無風,0,0,2020_9_22,2020_9_22_07_8R
686,6,4,5057,上田紗奈,18,77,6.81,4,0.28,07,8R,雨,無風,0,0,2020_9_22,2020_9_22_07_8R
687,1,4,3704,本部めぐみ,66,56,6.84,4,0.13,07,9R,雨,東,2,1,2020_9_22,2020_9_22_07_9R
688,2,1,4478,櫻本あゆみ,72,59,6.75,1,0.19,07,9R,雨,東,2,1,2020_9_22,2020_9_22_07_9R
689,3,6,3518,倉田郁美,33,58,6.78,6,0.30,07,9R,雨,東,2,1,2020_9_22,2020_9_22_07_9R
690,4,5,4011,堀之内紀代子,63,74,6.79,5,0.16,07,9R,雨,東,2,1,2020_9_22,2020_9_22_07_9R
691,5,2,4897,深見亜由美,73,36,6.84,2,0.29,07,9R,雨,東,2,1,2020_9_22,2020_9_22_07_9R
692,6,3,3932,池田浩美,51,38,6.88,3,0.23,07,9R,雨,東,2,1,2020_9_22,2020_9_22_07_9R
693,1,3,4123,細川裕子,77,57,6.77,3,0.21,07,10R,雨,無風,0,0,2020_9_22,2020_9_22_07_10R
694,2,1,4045,佐々木裕美,68,13,6.78,1,0.16,07,10R,雨,無風,0,0,2020_9_22,2020_9_22_07_10R
695,3,5,4225,土屋千明,39,48,6.81,5,0.16,07,10R,雨,無風,0,0,2020_9_22,2020_9_22_07_10R
696,4,6,4984,森下愛梨,65,35,6.86,6,0.23,07,10R,雨,無風,0,0,2020_9_22,2020_9_22_07_10R
697,5,4,4117,廣中智紗衣,25,71,6.81,4,0.19,07,10R,雨,無風,0,0,2020_9_22,2020_9_22_07_10R
698,6,2,4878,西岡育未,30,64,6.80,2,0.23,07,10R,雨,無風,0,0,2020_9_22,2020_9_22_07_10R
699,1,1,3611,岩崎芳美,16,47,6.74,1,0.06,07,11R,雨,東,2,1,2020_9_22,2020_9_22_07_11R
700,2,3,4399,松本晶恵,49,46,6.77,3,0.13,07,11R,雨,東,2,1,2020_9_22,2020_9_22_07_11R
701,3,2,4773,中川りな,13,53,6.78,2,0.17,07,11R,雨,東,2,1,2020_9_22,2020_9_22_07_11R
702,4,4,3801,五反田忍,58,11,6.81,4,0.09,07,11R,雨,東,2,1,2020_9_22,2020_9_22_07_11R
703,5,6,4464,山下友貴,48,37,6.80,6,0.29,07,11R,雨,東,2,1,2020_9_22,2020_9_22_07_11R
704,6,5,4941,孫崎百世,19,16,6.81,5,0.17,07,11R,雨,東,2,1,2020_9_22,2020_9_22_07_11R
705,1,1,4050,田口節子,74,40,6.76,1,0.17,07,12R,雨,無風,0,0,2020_9_22,2020_9_22_07_12R
706,2,2,3993,永井聖美,47,12,6.79,2,0.18,07,12R,雨,無風,0,0,2020_9_22,2020_9_22_07_12R
707,3,4,4183,宇野弥生,23,67,6.83,4,0.08,07,12R,雨,無風,0,0,2020_9_22,2020_9_22_07_12R
708,4,3,3618,海野ゆかり,70,50,6.88,3,0.12,07,12R,雨,無風,0,0,2020_9_22,2020_9_22_07_12R
709,5,5,4244,鈴木成美,14,22,6.83,5,0.08,07,12R,雨,無風,0,0,2020_9_22,2020_9_22_07_12R
710,6,6,4678,水野望美,45,45,6.90,6,0.12,07,12R,雨,無風,0,0,2020_9_22,2020_9_22_07_12R
711,1,3,4933,板橋侑我,10,52,6.71,3,0.20,06,1R,曇り,南,3,2,2020_9_22,2020_9_22_06_1R
712,2,2,3282,池本輝明,26,51,6.73,2,0.20,06,1R,曇り,南,3,2,2020_9_22,2020_9_22_06_1R
713,3,5,3948,大町利克,64,39,6.76,5,0.38,06,1R,曇り,南,3,2,2020_9_22,2020_9_22_06_1R
714,4,1,3660,長谷川親王,23,35,6.78,1,0.19,06,1R,曇り,南,3,2,2020_9_22,2020_9_22_06_1R
715,5,6,4196,田中太一郎,21,47,6.72,6,0.27,06,1R,曇り,南,3,2,2020_9_22,2020_9_22_06_1R
716,6,4,4077,品田直樹,27,25,6.79,4,0.33,06,1R,曇り,南,3,2,2020_9_22,2020_9_22_06_1R
717,1,1,3578,塩田雄一,62,16,6.70,1,0.09,06,2R,曇り,南,3,2,2020_9_22,2020_9_22_06_2R
718,2,3,4025,山本隆幸,55,33,6.70,3,0.22,06,2R,曇り,南,3,2,2020_9_22,2020_9_22_06_2R
719,3,6,3998,冨成謙児,66,17,6.66,5,0.24,06,2R,曇り,南,3,2,2020_9_22,2020_9_22_06_2R
720,4,4,5096,上原崚,18,66,6.68,6,0.26,06,2R,曇り,南,3,2,2020_9_22,2020_9_22_06_2R
721,5,2,3381,滝沢芳行,25,43,6.64,2,0.15,06,2R,曇り,南,3,2,2020_9_22,2020_9_22_06_2R
722,6,5,4053,芦澤望,54,27,6.67,4,0.39,06,2R,曇り,南,3,2,2020_9_22,2020_9_22_06_2R
723,1,2,3612,馬袋義則 ,3,15,6.66,1,0.28,06,3R,曇り,南,3,2,2020_9_22,2020_9_22_06_3R
724,2,4,3456,松下潤,61,14,6.76,4,0.20,06,3R,曇り,南,3,2,2020_9_22,2020_9_22_06_3R
725,3,5,4308,河村了,29,29,6.68,5,0.16,06,3R,曇り,南,3,2,2020_9_22,2020_9_22_06_3R
726,4,3,4295,小坂尚哉,20,53,6.64,3,0.26,06,3R,曇り,南,3,2,2020_9_22,2020_9_22_06_3R
727,5,1,4167,片岡秀樹,47,21,6.68,2,0.32,06,3R,曇り,南,3,2,2020_9_22,2020_9_22_06_3R
728,6,6,4538,笠置博之,46,30,6.73,6,0.20,06,3R,曇り,南,3,2,2020_9_22,2020_9_22_06_3R
729,1,3,3905,天野友和,33,26,6.68,3,0.15,06,4R,曇り,南,3,2,2020_9_22,2020_9_22_06_4R
730,2,1,4469,土山卓也 ,7,36,6.66,1,0.25,06,4R,曇り,南,3,2,2020_9_22,2020_9_22_06_4R
731,3,4,3987,後藤正宗,50,28,6.69,4,0.14,06,4R,曇り,南,3,2,2020_9_22,2020_9_22_06_4R
732,4,2,4976,金山立樹,19,44,6.58,2,0.22,06,4R,曇り,南,3,2,2020_9_22,2020_9_22_06_4R
733,5,5,3619,長谷川充 ,8,31,6.75,5,0.21,06,4R,曇り,南,3,2,2020_9_22,2020_9_22_06_4R
734,6,6,5076,石原光,15,46,6.69,6,0.15,06,4R,曇り,南,3,2,2020_9_22,2020_9_22_06_4R
735,1,1,4203,小倉康典,32,50,6.69,1,0.21,06,5R,曇り,南,3,2,2020_9_22,2020_9_22_06_5R
736,2,3,3947,寺本昇平,38,24,6.61,3,0.24,06,5R,曇り,南,3,2,2020_9_22,2020_9_22_06_5R
737,3,6,4266,長田頼宗,41,54,6.71,6,0.22,06,5R,曇り,南,3,2,2020_9_22,2020_9_22_06_5R
738,4,4,3282,池本輝明,26,51,6.70,4,0.23,06,5R,曇り,南,3,2,2020_9_22,2020_9_22_06_5R
739,5,2,3502,渡邉英児,30,48,6.63,2,0.27,06,5R,曇り,南,3,2,2020_9_22,2020_9_22_06_5R
740,6,5,3635,石田政吾,28,32,6.75,5,0.24,06,5R,曇り,南,3,2,2020_9_22,2020_9_22_06_5R
741,1,1,3948,大町利克,64,39,6.68,1,0.31,06,6R,雨,南,4,2,2020_9_22,2020_9_22_06_6R
742,2,5,4685,島村隆幸,44,18,6.63,5,0.25,06,6R,雨,南,4,2,2020_9_22,2020_9_22_06_6R
743,3,6,5096,上原崚,18,66,6.64,6,0.26,06,6R,雨,南,4,2,2020_9_22,2020_9_22_06_6R
744,4,4,3622,山崎智也,57,55,6.69,4,0.27,06,6R,雨,南,4,2,2020_9_22,2020_9_22_06_6R
745,5,2,4293,鈴木智啓,56,40,6.71,2,0.33,06,6R,雨,南,4,2,2020_9_22,2020_9_22_06_6R
746,6,3,4201,佐竹友樹,36,23,6.63,3,0.31,06,6R,雨,南,4,2,2020_9_22,2020_9_22_06_6R
747,1,1,4134,杉山貴博,59,34,6.62,1,0.17,06,7R,雨,南,3,1,2020_9_22,2020_9_22_06_7R
748,2,4,4033,伊藤将吉,45,22,6.61,4,0.19,06,7R,雨,南,3,1,2020_9_22,2020_9_22_06_7R
749,3,3,3998,冨成謙児,66,17,6.60,3,0.19,06,7R,雨,南,3,1,2020_9_22,2020_9_22_06_7R
750,4,2,4538,笠置博之,46,30,6.64,2,0.24,06,7R,雨,南,3,1,2020_9_22,2020_9_22_06_7R
751,5,6,3617,竹田広樹 ,9,19,6.64,6,0.17,06,7R,雨,南,3,1,2020_9_22,2020_9_22_06_7R
752,6,5,3660,長谷川親王,23,35,6.72,5,0.20,06,7R,雨,南,3,1,2020_9_22,2020_9_22_06_7R
753,1,1,4348,宮崎奨,43,38,6.69,1,0.11,06,8R,雨,南東,1,1,2020_9_22,2020_9_22_06_8R
754,2,2,4933,板橋侑我,10,52,6.72,3,0.13,06,8R,雨,南東,1,1,2020_9_22,2020_9_22_06_8R
755,3,5,3573,前本泰和,16,12,6.67,2,0.14,06,8R,雨,南東,1,1,2020_9_22,2020_9_22_06_8R
756,4,4,4167,片岡秀樹,47,21,6.73,5,0.19,06,8R,雨,南東,1,1,2020_9_22,2020_9_22_06_8R
757,5,3,3578,塩田雄一,62,16,6.75,4,0.24,06,8R,雨,南東,1,1,2020_9_22,2020_9_22_06_8R
758,6,6,4976,金山立樹,19,44,6.65,6,0.34,06,8R,雨,南東,1,1,2020_9_22,2020_9_22_06_8R
759,1,2,3546,中里昌志,24,45,6.73,2,0.04,06,9R,雨,東,1,1,2020_9_22,2020_9_22_06_9R
760,2,4,5076,石原光,15,46,6.73,6,0.05,06,9R,雨,東,1,1,2020_9_22,2020_9_22_06_9R
761,3,3,4377,濱本優一,63,13,6.75,4,0.10,06,9R,雨,東,1,1,2020_9_22,2020_9_22_06_9R
762,4,5,3568,木村光宏 ,5,41,6.78,5,0.11,06,9R,雨,東,1,1,2020_9_22,2020_9_22_06_9R
763,1,1,4308,河村了,29,29,6.69,1,0.09,06,10R,雨,南東,3,1,2020_9_22,2020_9_22_06_10R
764,2,2,4053,芦澤望,54,27,6.69,2,0.12,06,10R,雨,南東,3,1,2020_9_22,2020_9_22_06_10R
765,3,6,3612,馬袋義則 ,3,15,6.73,4,0.17,06,10R,雨,南東,3,1,2020_9_22,2020_9_22_06_10R
766,4,3,3635,石田政吾,28,32,6.76,3,0.15,06,10R,雨,南東,3,1,2020_9_22,2020_9_22_06_10R
767,5,5,4469,土山卓也 ,7,36,6.74,6,0.25,06,10R,雨,南東,3,1,2020_9_22,2020_9_22_06_10R
768,6,4,4293,鈴木智啓,56,40,6.78,5,0.26,06,10R,雨,南東,3,1,2020_9_22,2020_9_22_06_10R
769,1,1,4685,島村隆幸,44,18,6.70,1,0.17,06,11R,雨,南東,2,1,2020_9_22,2020_9_22_06_11R
770,2,6,3381,滝沢芳行,25,43,6.68,6,0.12,06,11R,雨,南東,2,1,2020_9_22,2020_9_22_06_11R
771,3,5,4134,杉山貴博,59,34,6.74,5,0.20,06,11R,雨,南東,2,1,2020_9_22,2020_9_22_06_11R
772,4,2,4266,長田頼宗,41,54,6.76,2,0.13,06,11R,雨,南東,2,1,2020_9_22,2020_9_22_06_11R
773,5,4,4295,小坂尚哉,20,53,6.68,4,0.20,06,11R,雨,南東,2,1,2020_9_22,2020_9_22_06_11R
774,6,3,3987,後藤正宗,50,28,6.74,3,0.20,06,11R,雨,南東,2,1,2020_9_22,2020_9_22_06_11R
775,1,1,3573,前本泰和,16,12,6.71,1,0.17,06,12R,雨,南東,1,0,2020_9_22,2020_9_22_06_12R
776,2,4,3502,渡邉英児,30,48,6.71,3,0.18,06,12R,雨,南東,1,0,2020_9_22,2020_9_22_06_12R
777,3,6,3905,天野友和,33,26,6.75,6,0.23,06,12R,雨,南東,1,0,2020_9_22,2020_9_22_06_12R
778,4,5,4025,山本隆幸,55,33,6.70,4,0.20,06,12R,雨,南東,1,0,2020_9_22,2020_9_22_06_12R
779,5,3,4033,伊藤将吉,45,22,6.66,5,0.18,06,12R,雨,南東,1,0,2020_9_22,2020_9_22_06_12R
780,6,2,3622,山崎智也,57,55,6.69,2,0.22,06,12R,雨,南東,1,0,2020_9_22,2020_9_22_06_12R
781,1,2,4440,萩原知哉,44,61,6.79,2,0.11,05,1R,晴,北東,1,2,2020_9_22,2020_9_22_05_1R
782,2,6,3353,前田光昭,39,58,6.90,6,0.15,05,1R,晴,北東,1,2,2020_9_22,2020_9_22_05_1R
783,3,1,3990,芹澤克彦,74,67,6.85,1,0.08,05,1R,晴,北東,1,2,2020_9_22,2020_9_22_05_1R
784,4,5,4836,大谷健太,19,51,6.74,5,0.19,05,1R,晴,北東,1,2,2020_9_22,2020_9_22_05_1R
785,5,4,4575,戸塚邦好,40,21,6.72,4,0.18,05,1R,晴,北東,1,2,2020_9_22,2020_9_22_05_1R
786,6,3,3808,秋田健太郎,62,82,6.96,3,0.16,05,1R,晴,北東,1,2,2020_9_22,2020_9_22_05_1R
787,1,3,4043,桐本康臣,52,24,6.87,3,0.16,05,2R,曇り,北東,4,2,2020_9_22,2020_9_22_05_2R
788,2,2,3643,米田隆弘,35,27,6.81,2,0.18,05,2R,曇り,北東,4,2,2020_9_22,2020_9_22_05_2R
789,3,6,4114,深澤達徳,56,66,6.81,6,0.16,05,2R,曇り,北東,4,2,2020_9_22,2020_9_22_05_2R
790,4,5,4428,有賀達也,13,69,6.84,5,0.15,05,2R,曇り,北東,4,2,2020_9_22,2020_9_22_05_2R
791,5,4,4509,平見真彦,46,33,6.87,4,0.17,05,2R,曇り,北東,4,2,2020_9_22,2020_9_22_05_2R
792,6,1,4665,加藤啓太,23,29,6.80,1,0.16,05,2R,曇り,北東,4,2,2020_9_22,2020_9_22_05_2R
793,1,5,3385,渡邉睦広,51,59,6.82,5,0.16,05,3R,曇り,北東,2,2,2020_9_22,2020_9_22_05_3R
794,2,6,4750,井上尚悟,53,47,6.80,6,0.25,05,3R,曇り,北東,2,2,2020_9_22,2020_9_22_05_3R
795,3,3,4199,北川潤二,47,83,6.78,3,0.14,05,3R,曇り,北東,2,2,2020_9_22,2020_9_22_05_3R
796,4,2,4786,佐藤博亮,21,78,6.73,2,0.08,05,3R,曇り,北東,2,2,2020_9_22,2020_9_22_05_3R
797,5,1,5014,梶山涼斗,60,30,6.81,1,0.09,05,3R,曇り,北東,2,2,2020_9_22,2020_9_22_05_3R
798,6,4,4409,坂元浩仁,14,77,6.74,4,0.10,05,3R,曇り,北東,2,2,2020_9_22,2020_9_22_05_3R
799,1,1,4051,清水敦揮,17,23,6.84,1,0.15,05,4R,曇り,北東,3,2,2020_9_22,2020_9_22_05_4R
800,2,4,4320,峰竜太,42,46,6.83,4,0.09,05,4R,曇り,北東,3,2,2020_9_22,2020_9_22_05_4R
801,3,2,2538,高橋二朗,20,42,6.83,2,0.16,05,4R,曇り,北東,3,2,2020_9_22,2020_9_22_05_4R
802,4,5,4496,内堀学,65,22,6.84,5,0.13,05,4R,曇り,北東,3,2,2020_9_22,2020_9_22_05_4R
803,5,6,4568,廣瀬真也,58,32,6.81,6,0.19,05,4R,曇り,北東,3,2,2020_9_22,2020_9_22_05_4R
804,6,3,4049,荒川健太,22,62,6.80,3,0.12,05,4R,曇り,北東,3,2,2020_9_22,2020_9_22_05_4R
805,1,1,3647,伊藤雄二,50,43,6.80,1,0.26,05,5R,曇り,北東,4,2,2020_9_22,2020_9_22_05_5R
806,2,3,4340,土性雅也,49,84,6.80,3,0.23,05,5R,曇り,北東,4,2,2020_9_22,2020_9_22_05_5R
807,3,4,4058,野末智一,59,57,6.78,4,0.20,05,5R,曇り,北東,4,2,2020_9_22,2020_9_22_05_5R
808,4,6,4650,中山雄太,16,72,6.76,6,0.20,05,5R,曇り,北東,4,2,2020_9_22,2020_9_22_05_5R
809,5,2,3808,秋田健太郎,62,82,6.83,2,0.29,05,5R,曇り,北東,4,2,2020_9_22,2020_9_22_05_5R
810,6,5,3748,小黒竜吾,28,64,6.71,5,0.19,05,5R,曇り,北東,4,2,2020_9_22,2020_9_22_05_5R
811,1,1,4575,戸塚邦好,40,21,6.78,1,0.09,05,6R,曇り,北東,2,2,2020_9_22,2020_9_22_05_6R
812,2,2,4793,金子萌,11,75,6.69,2,0.03,05,6R,曇り,北東,2,2,2020_9_22,2020_9_22_05_6R
813,3,3,4092,岡部大輔,24,79,6.71,3,0.07,05,6R,曇り,北東,2,2,2020_9_22,2020_9_22_05_6R
814,4,4,4162,竹本太樹,75,41,6.72,4,0.01,05,6R,曇り,北東,2,2,2020_9_22,2020_9_22_05_6R
815,5,5,4665,加藤啓太,23,29,6.69,5,0.14,05,6R,曇り,北東,2,2,2020_9_22,2020_9_22_05_6R
816,6,6,4489,岩川仁士,55,80,6.78,6,0.17,05,6R,曇り,北東,2,2,2020_9_22,2020_9_22_05_6R
817,1,1,3385,渡邉睦広,51,59,6.84,1,0.14,05,7R,曇り,北東,3,2,2020_9_22,2020_9_22_05_7R
818,2,2,4133,高橋正男,73,74,6.76,2,0.17,05,7R,曇り,北東,3,2,2020_9_22,2020_9_22_05_7R
819,3,4,3489,大場敏,72,65,6.83,4,0.20,05,7R,曇り,北東,3,2,2020_9_22,2020_9_22_05_7R
820,4,5,3235,鈴木唯由,25,45,6.85,5,0.21,05,7R,曇り,北東,3,2,2020_9_22,2020_9_22_05_7R
821,5,6,5087,佐藤航,69,55,6.84,6,0.24,05,7R,曇り,北東,3,2,2020_9_22,2020_9_22_05_7R
822,6,3,4114,深澤達徳,56,66,6.79,3,0.19,05,7R,曇り,北東,3,2,2020_9_22,2020_9_22_05_7R
823,1,1,4124,池田雄一,29,56,6.84,1,0.11,05,8R,曇り,北東,3,2,2020_9_22,2020_9_22_05_8R
824,2,2,4428,有賀達也,13,69,6.78,2,0.18,05,8R,曇り,北東,3,2,2020_9_22,2020_9_22_05_8R
825,3,6,5047,國分将太郎,66,48,6.83,6,0.16,05,8R,曇り,北東,3,2,2020_9_22,2020_9_22_05_8R
826,4,3,4568,廣瀬真也,58,32,6.81,3,0.14,05,8R,曇り,北東,3,2,2020_9_22,2020_9_22_05_8R
827,5,5,5014,梶山涼斗,60,30,6.80,5,0.04,05,8R,曇り,北東,3,2,2020_9_22,2020_9_22_05_8R
828,6,4,4676,後藤隼之,32,34,6.86,4,0.12,05,8R,曇り,北東,3,2,2020_9_22,2020_9_22_05_8R
829,1,5,4058,野末智一,59,57,6.90,5,0.20,05,9R,曇り,北東,3,2,2020_9_22,2020_9_22_05_9R
830,2,3,2538,高橋二朗,20,42,6.84,3,0.17,05,9R,曇り,北東,3,2,2020_9_22,2020_9_22_05_9R
831,3,1,4043,桐本康臣,52,24,6.85,1,0.17,05,9R,曇り,北東,3,2,2020_9_22,2020_9_22_05_9R
832,4,4,4750,井上尚悟,53,47,6.75,4,0.31,05,9R,曇り,北東,3,2,2020_9_22,2020_9_22_05_9R
833,5,2,4836,大谷健太,19,51,6.83,2,0.17,05,9R,曇り,北東,3,2,2020_9_22,2020_9_22_05_9R
834,6,6,5132,中野希一,36,70,6.85,6,0.23,05,9R,曇り,北東,3,2,2020_9_22,2020_9_22_05_9R
835,1,5,4199,北川潤二,47,83,6.76,5,0.28,05,10R,曇り,北東,5,2,2020_9_22,2020_9_22_05_10R
836,2,3,4440,萩原知哉,44,61,6.87,3,0.20,05,10R,曇り,北東,5,2,2020_9_22,2020_9_22_05_10R
837,3,4,4489,岩川仁士,55,80,6.88,4,0.25,05,10R,曇り,北東,5,2,2020_9_22,2020_9_22_05_10R
838,4,2,4650,中山雄太,16,72,6.77,2,0.21,05,10R,曇り,北東,5,2,2020_9_22,2020_9_22_05_10R
839,5,6,4509,平見真彦,46,33,6.84,6,0.34,05,10R,曇り,北東,5,2,2020_9_22,2020_9_22_05_10R
840,6,1,4496,内堀学,65,22,6.72,1,0.30,05,10R,曇り,北東,5,2,2020_9_22,2020_9_22_05_10R
841,1,2,4051,清水敦揮,17,23,6.84,2,0.10,05,11R,曇り,東,5,2,2020_9_22,2020_9_22_05_11R
842,2,1,3489,大場敏,72,65,6.77,1,0.19,05,11R,曇り,東,5,2,2020_9_22,2020_9_22_05_11R
843,3,6,4409,坂元浩仁,14,77,6.82,6,0.07,05,11R,曇り,東,5,2,2020_9_22,2020_9_22_05_11R
844,4,3,3990,芹澤克彦,74,67,6.83,3,0.08,05,11R,曇り,東,5,2,2020_9_22,2020_9_22_05_11R
845,5,4,3643,米田隆弘,35,27,6.89,4,0.11,05,11R,曇り,東,5,2,2020_9_22,2020_9_22_05_11R
846,6,5,4340,土性雅也,49,84,6.88,5,0.11,05,11R,曇り,東,5,2,2020_9_22,2020_9_22_05_11R
847,1,1,4320,峰竜太,42,46,6.84,1,0.18,05,12R,曇り,北東,5,2,2020_9_22,2020_9_22_05_12R
848,2,3,4786,佐藤博亮,21,78,6.86,3,0.17,05,12R,曇り,北東,5,2,2020_9_22,2020_9_22_05_12R
849,3,2,3353,前田光昭,39,58,6.94,2,0.23,05,12R,曇り,北東,5,2,2020_9_22,2020_9_22_05_12R
850,4,6,4133,高橋正男,73,74,6.83,6,0.22,05,12R,曇り,北東,5,2,2020_9_22,2020_9_22_05_12R
851,5,4,3647,伊藤雄二,50,43,6.87,4,0.20,05,12R,曇り,北東,5,2,2020_9_22,2020_9_22_05_12R
852,6,5,4092,岡部大輔,24,79,6.92,5,0.32,05,12R,曇り,北東,5,2,2020_9_22,2020_9_22_05_12R
853,1,1,4791,黒澤めぐみ,30,77,6.78,1,0.02,02,1R,晴,無風,0,0,2020_9_22,2020_9_22_02_1R
854,2,3,4186,小川時光,51,18,6.73,3,0.09,02,1R,晴,無風,0,0,2020_9_22,2020_9_22_02_1R
855,3,6,5035,櫻井優 ,8,76,6.77,4,0.11,02,1R,晴,無風,0,0,2020_9_22,2020_9_22_02_1R
856,4,2,4833,吉崎悠司,29,45,6.83,2,0.12,02,1R,晴,無風,0,0,2020_9_22,2020_9_22_02_1R
857,5,5,5112,砂長知輝,52,30,6.80,6,0.22,02,1R,晴,無風,0,0,2020_9_22,2020_9_22_02_1R
858,6,4,5003,来田衣織,15,72,6.72,5,0.26,02,1R,晴,無風,0,0,2020_9_22,2020_9_22_02_1R
859,1,1,4891,寺島美里,37,16,6.71,1,0.18,02,2R,晴,無風,0,0,2020_9_22,2020_9_22_02_2R
860,2,2,3860,松本浩貴,53,52,6.75,2,0.23,02,2R,晴,無風,0,0,2020_9_22,2020_9_22_02_2R
861,3,5,5044,渡邉健,28,48,6.81,5,0.21,02,2R,晴,無風,0,0,2020_9_22,2020_9_22_02_2R
862,4,3,4890,石川諒,22,33,6.73,3,0.19,02,2R,晴,無風,0,0,2020_9_22,2020_9_22_02_2R
863,5,4,4161,黒柳浩孝,17,17,6.74,4,0.17,02,2R,晴,無風,0,0,2020_9_22,2020_9_22_02_2R
864,6,6,4934,佐々木翔斗,10,51,6.79,6,0.24,02,2R,晴,無風,0,0,2020_9_22,2020_9_22_02_2R
865,1,3,4071,古賀千晶,26,41,6.72,3,0.10,02,3R,晴,東,2,1,2020_9_22,2020_9_22_02_3R
866,2,5,3995,重野哲之,46,43,6.77,4,0.12,02,3R,晴,東,2,1,2020_9_22,2020_9_22_02_3R
867,3,6,3355,橋谷田佳織,41,47,6.81,5,0.18,02,3R,晴,東,2,1,2020_9_22,2020_9_22_02_3R
868,4,1,4880,澤崎雄哉,19,40,6.79,1,0.17,02,3R,晴,東,2,1,2020_9_22,2020_9_22_02_3R
869,5,4,5038,金田智博,11,61,6.69,6,0.11,02,3R,晴,東,2,1,2020_9_22,2020_9_22_02_3R
870,6,2,4263,武重雄介,45,65,6.84,2,0.20,02,3R,晴,東,2,1,2020_9_22,2020_9_22_02_3R
871,1,6,4361,柳生泰二,18,22,6.67,4,0.21,02,4R,晴,無風,0,0,2020_9_22,2020_9_22_02_4R
872,2,1,4663,籾山佳岳,27,28,6.79,1,0.13,02,4R,晴,無風,0,0,2020_9_22,2020_9_22_02_4R
873,3,4,4904,松本一毅,35,13,6.70,5,0.09,02,4R,晴,無風,0,0,2020_9_22,2020_9_22_02_4R
874,4,5,4110,小澤和也,54,11,6.78,6,0.06,02,4R,晴,無風,0,0,2020_9_22,2020_9_22_02_4R
875,5,3,3503,堂原洋史,38,56,6.74,3,0.16,02,4R,晴,無風,0,0,2020_9_22,2020_9_22_02_4R
876,6,2,4037,別府正幸 ,9,27,6.71,2,0.16,02,4R,晴,無風,0,0,2020_9_22,2020_9_22_02_4R
877,1,2,4569,中澤宏奈,43,32,6.66,2,0.18,02,5R,晴,無風,0,0,2020_9_22,2020_9_22_02_5R
878,2,5,4013,中島孝平,24,26,6.68,5,0.16,02,5R,晴,無風,0,0,2020_9_22,2020_9_22_02_5R
879,3,3,4706,三浦洋次朗,25,29,6.81,3,0.19,02,5R,晴,無風,0,0,2020_9_22,2020_9_22_02_5R
880,4,4,5035,櫻井優 ,8,76,6.68,4,0.25,02,5R,晴,無風,0,0,2020_9_22,2020_9_22_02_5R
881,5,1,3713,伊藤誠二,42,69,6.82,1,0.21,02,5R,晴,無風,0,0,2020_9_22,2020_9_22_02_5R
882,6,6,5112,砂長知輝,52,30,6.81,6,0.29,02,5R,晴,無風,0,0,2020_9_22,2020_9_22_02_5R
883,1,1,4608,荒井翔伍,21,50,6.79,1,0.07,02,6R,曇り,東,1,0,2020_9_22,2020_9_22_02_6R
884,2,2,5042,畑田汰一,12,12,6.76,2,0.10,02,6R,曇り,東,1,0,2020_9_22,2020_9_22_02_6R
885,3,5,3860,松本浩貴,53,52,6.72,5,0.14,02,6R,曇り,東,1,0,2020_9_22,2020_9_22_02_6R
886,4,6,4318,桑原将光,32,15,6.69,6,0.13,02,6R,曇り,東,1,0,2020_9_22,2020_9_22_02_6R
887,5,3,4109,谷津幸宏,39,70,6.76,3,0.13,02,6R,曇り,東,1,0,2020_9_22,2020_9_22_02_6R
888,6,4,4303,牧原崇,49,14,6.83,4,0.13,02,6R,曇り,東,1,0,2020_9_22,2020_9_22_02_6R
889,1,4,4071,古賀千晶,26,41,6.67,4,0.16,02,7R,晴,東,2,1,2020_9_22,2020_9_22_02_7R
890,2,2,3355,橋谷田佳織,41,47,6.77,2,0.23,02,7R,晴,東,2,1,2020_9_22,2020_9_22_02_7R
891,3,1,4758,富樫麗加,47,67,6.77,1,0.12,02,7R,晴,東,2,1,2020_9_22,2020_9_22_02_7R
892,4,5,4891,寺島美里,37,16,6.72,5,0.11,02,7R,晴,東,2,1,2020_9_22,2020_9_22_02_7R
893,5,3,4791,黒澤めぐみ,30,77,6.74,3,0.16,02,7R,晴,東,2,1,2020_9_22,2020_9_22_02_7R
894,1,1,5044,渡邉健,28,48,6.68,1,0.17,02,8R,曇り,東,2,1,2020_9_22,2020_9_22_02_8R
895,2,2,4110,小澤和也,54,11,6.76,2,0.18,02,8R,曇り,東,2,1,2020_9_22,2020_9_22_02_8R
896,3,3,3736,岡本猛,16,46,6.75,3,0.16,02,8R,曇り,東,2,1,2020_9_22,2020_9_22_02_8R
897,4,6,4904,松本一毅,35,13,6.71,6,0.20,02,8R,曇り,東,2,1,2020_9_22,2020_9_22_02_8R
898,5,4,4186,小川時光,51,18,6.75,4,0.20,02,8R,曇り,東,2,1,2020_9_22,2020_9_22_02_8R
899,6,5,4833,吉崎悠司,29,45,6.80,5,0.21,02,8R,曇り,東,2,1,2020_9_22,2020_9_22_02_8R
900,1,3,3327,野長瀬正孝,31,63,6.62,3,0.24,02,9R,曇り,東,3,1,2020_9_22,2020_9_22_02_9R
901,2,1,4890,石川諒,22,33,6.67,1,0.25,02,9R,曇り,東,3,1,2020_9_22,2020_9_22_02_9R
902,3,4,4706,三浦洋次朗,25,29,6.74,4,0.22,02,9R,曇り,東,3,1,2020_9_22,2020_9_22_02_9R
903,4,2,4934,佐々木翔斗,10,51,6.65,2,0.20,02,9R,曇り,東,3,1,2020_9_22,2020_9_22_02_9R
904,5,6,4569,中澤宏奈,43,32,6.69,6,0.26,02,9R,曇り,東,3,1,2020_9_22,2020_9_22_02_9R
905,6,5,4263,武重雄介,45,65,6.77,5,0.24,02,9R,曇り,東,3,1,2020_9_22,2020_9_22_02_9R
906,1,1,4318,桑原将光,32,15,6.66,1,0.10,02,10R,曇り,東,3,1,2020_9_22,2020_9_22_02_10R
907,2,2,3995,重野哲之,46,43,6.68,2,0.12,02,10R,曇り,東,3,1,2020_9_22,2020_9_22_02_10R
908,3,5,4037,別府正幸 ,9,27,6.73,5,0.15,02,10R,曇り,東,3,1,2020_9_22,2020_9_22_02_10R
909,4,4,3503,堂原洋史,38,56,6.69,4,0.24,02,10R,曇り,東,3,1,2020_9_22,2020_9_22_02_10R
910,5,3,4303,牧原崇,49,14,6.68,3,0.19,02,10R,曇り,東,3,1,2020_9_22,2020_9_22_02_10R
911,6,6,3713,伊藤誠二,42,69,6.77,6,0.09,02,10R,曇り,東,3,1,2020_9_22,2020_9_22_02_10R
912,1,2,4013,中島孝平,24,26,6.75,2,0.11,02,11R,曇り,東,2,1,2020_9_22,2020_9_22_02_11R
913,2,1,4361,柳生泰二,18,22,6.57,1,0.09,02,11R,曇り,東,2,1,2020_9_22,2020_9_22_02_11R
914,3,4,4109,谷津幸宏,39,70,6.72,4,0.14,02,11R,曇り,東,2,1,2020_9_22,2020_9_22_02_11R
915,4,6,4758,富樫麗加,47,67,6.67,6,0.08,02,11R,曇り,東,2,1,2020_9_22,2020_9_22_02_11R
916,5,5,5042,畑田汰一,12,12,6.73,5,0.15,02,11R,曇り,東,2,1,2020_9_22,2020_9_22_02_11R
917,6,3,5038,金田智博,11,61,6.74,3,0.12,02,11R,曇り,東,2,1,2020_9_22,2020_9_22_02_11R
918,1,1,4297,山田哲也,48,57,6.52,1,0.13,02,12R,曇り,東,3,1,2020_9_22,2020_9_22_02_12R
919,2,5,4460,後藤翔之,57,44,6.63,5,0.22,02,12R,曇り,東,3,1,2020_9_22,2020_9_22_02_12R
920,3,3,3903,白石健,50,66,6.66,3,0.14,02,12R,曇り,東,3,1,2020_9_22,2020_9_22_02_12R
921,4,2,3854,吉川元浩,13,58,6.68,2,0.12,02,12R,曇り,東,3,1,2020_9_22,2020_9_22_02_12R
922,5,6,3641,一瀬明,44,19,6.76,6,0.24,02,12R,曇り,東,3,1,2020_9_22,2020_9_22_02_12R
923,6,4,4036,金田諭,40,73,6.68,4,0.20,02,12R,曇り,東,3,1,2020_9_22,2020_9_22_02_12R
924,1,4,3966,作間章,50,78,6.78,4,0.15,01,1R,曇り,東,4,3,2020_9_22,2020_9_22_01_1R
925,2,2,3866,木山誠一,23,25,6.70,2,0.12,01,1R,曇り,東,4,3,2020_9_22,2020_9_22_01_1R
926,3,3,3186,沖悟,74,23,6.72,3,0.11,01,1R,曇り,東,4,3,2020_9_22,2020_9_22_01_1R
927,4,6,4491,田中堅,40,59,6.79,6,0.17,01,1R,曇り,東,4,3,2020_9_22,2020_9_22_01_1R
928,5,5,4887,富澤祐作,71,46,6.79,5,0.10,01,1R,曇り,東,4,3,2020_9_22,2020_9_22_01_1R
929,6,1,4903,吉田凌太朗,52,37,6.78,1,0.18,01,1R,曇り,東,4,3,2020_9_22,2020_9_22_01_1R
930,1,6,3909,佐々木康幸,34,56,6.68,4,0.05,01,2R,曇り,東,2,1,2020_9_22,2020_9_22_01_2R
931,2,4,3831,安藤裕貴,54,50,6.75,2,0.14,01,2R,曇り,東,2,1,2020_9_22,2020_9_22_01_2R
932,3,5,4233,亀山雅幸,20,68,6.62,3,0.18,01,2R,曇り,東,2,1,2020_9_22,2020_9_22_01_2R
933,4,3,3973,崎利仁,28,48,6.75,6,0.07,01,2R,曇り,東,2,1,2020_9_22,2020_9_22_01_2R
934,5,2,3565,坂本徳克,53,51,6.64,5,0.06,01,2R,曇り,東,2,1,2020_9_22,2020_9_22_01_2R
935,6,1,4467,渡邉俊介,68,53,6.65,1,0.17,01,2R,曇り,東,2,1,2020_9_22,2020_9_22_01_2R
936,1,2,4375,照屋厚仁,59,38,6.77,2,0.07,01,3R,曇り,東,2,1,2020_9_22,2020_9_22_01_3R
937,2,4,4166,吉田拡郎,42,67,6.71,3,0.10,01,3R,曇り,東,2,1,2020_9_22,2020_9_22_01_3R
938,3,5,3156,金子良昭,24,13,6.71,4,0.03,01,3R,曇り,東,2,1,2020_9_22,2020_9_22_01_3R
939,4,6,4159,向後龍一,45,16,6.73,5,0.06,01,3R,曇り,東,2,1,2020_9_22,2020_9_22_01_3R
940,5,1,4979,中野夢斗,16,57,6.71,1,0.09,01,3R,曇り,東,2,1,2020_9_22,2020_9_22_01_3R
941,1,3,3940,飯山泰,67,49,6.71,2,0.12,01,4R,曇り,北東,2,1,2020_9_22,2020_9_22_01_4R
942,2,1,4664,東口晃,19,26,6.76,1,0.18,01,4R,曇り,北東,2,1,2020_9_22,2020_9_22_01_4R
943,3,2,4610,佐藤大佑,63,28,6.71,5,0.20,01,4R,曇り,北東,2,1,2020_9_22,2020_9_22_01_4R
944,4,4,4321,岩田優一,14,74,6.76,3,0.13,01,4R,曇り,北東,2,1,2020_9_22,2020_9_22_01_4R
945,5,6,4859,染川直哉,41,33,6.89,6,0.27,01,4R,曇り,北東,2,1,2020_9_22,2020_9_22_01_4R
946,1,1,4637,中田友也,75,60,6.63,1,0.12,01,5R,曇り,東,1,1,2020_9_22,2020_9_22_01_5R
947,2,5,4305,金子拓矢,51,44,6.86,4,0.15,01,5R,曇り,東,1,1,2020_9_22,2020_9_22_01_5R
948,3,4,3775,泉啓文,73,79,6.72,5,0.14,01,5R,曇り,東,1,1,2020_9_22,2020_9_22_01_5R
949,4,3,3769,佐竹恒彦,29,34,6.73,3,0.10,01,5R,曇り,東,1,1,2020_9_22,2020_9_22_01_5R
950,5,6,4644,山田亮太,48,42,6.74,6,0.16,01,5R,曇り,東,1,1,2020_9_22,2020_9_22_01_5R
951,6,2,3819,大内裕樹,37,71,6.71,2,0.13,01,5R,曇り,東,1,1,2020_9_22,2020_9_22_01_5R
952,1,4,3583,齋藤智裕,49,54,6.72,4,0.07,01,6R,曇り,東,1,1,2020_9_22,2020_9_22_01_6R
953,2,1,4142,平野和明,12,72,6.71,1,0.18,01,6R,曇り,東,1,1,2020_9_22,2020_9_22_01_6R
954,3,3,4550,石岡将太,56,41,6.75,3,0.14,01,6R,曇り,東,1,1,2020_9_22,2020_9_22_01_6R
955,4,5,4467,渡邉俊介,68,53,6.72,5,0.09,01,6R,曇り,東,1,1,2020_9_22,2020_9_22_01_6R
956,5,6,5062,田嶋塁,44,63,6.81,6,0.08,01,6R,曇り,東,1,1,2020_9_22,2020_9_22_01_6R
957,6,2,4491,田中堅,40,52,6.75,2,0.15,01,6R,曇り,東,1,1,2020_9_22,2020_9_22_01_6R
958,1,1,4877,鈴谷一平,46,24,6.72,1,0.14,01,7R,曇り,東,2,1,2020_9_22,2020_9_22_01_7R
959,2,3,3497,後藤浩,32,76,6.78,3,0.11,01,7R,曇り,東,2,1,2020_9_22,2020_9_22_01_7R
960,3,4,4492,本多宏和,21,11,6.76,2,0.12,01,7R,曇り,東,2,1,2020_9_22,2020_9_22_01_7R
961,4,6,3319,山崎義明,66,66,6.78,5,0.12,01,7R,曇り,東,2,1,2020_9_22,2020_9_22_01_7R
962,5,5,4979,中野夢斗,16,57,6.70,4,0.09,01,7R,曇り,東,2,1,2020_9_22,2020_9_22_01_7R
963,6,2,4887,富澤祐作,71,46,6.75,6,0.14,01,7R,曇り,東,2,1,2020_9_22,2020_9_22_01_7R
964,1,1,4210,松村康太,22,30,6.69,1,0.13,01,8R,曇り,北,1,1,2020_9_22,2020_9_22_01_8R
965,2,3,5031,渡辺空依,61,65,6.70,3,0.10,01,8R,曇り,北,1,1,2020_9_22,2020_9_22_01_8R
966,3,5,4193,郷原章平,31,43,6.69,5,0.06,01,8R,曇り,北,1,1,2020_9_22,2020_9_22_01_8R
967,4,6,3973,崎利仁,28,48,6.76,6,0.11,01,8R,曇り,北,1,1,2020_9_22,2020_9_22_01_8R
968,5,4,5070,中島航,30,17,6.69,4,0.16,01,8R,曇り,北,1,1,2020_9_22,2020_9_22_01_8R
969,6,2,3186,沖悟,74,23,6.72,2,0.13,01,8R,曇り,北,1,1,2020_9_22,2020_9_22_01_8R
970,1,5,4610,佐藤大佑,63,28,6.74,5,0.15,01,9R,曇り,北,1,1,2020_9_22,2020_9_22_01_9R
971,2,2,4233,亀山雅幸,20,68,6.55,2,0.17,01,9R,曇り,北,1,1,2020_9_22,2020_9_22_01_9R
972,3,1,4159,向後龍一,45,16,6.74,1,0.19,01,9R,曇り,北,1,1,2020_9_22,2020_9_22_01_9R
973,4,6,4637,中田友也,75,60,6.78,6,0.23,01,9R,曇り,北,1,1,2020_9_22,2020_9_22_01_9R
974,5,3,4166,吉田拡郎,42,67,6.76,3,0.13,01,9R,曇り,北,1,1,2020_9_22,2020_9_22_01_9R
975,6,4,4644,山田亮太,48,42,6.79,4,0.09,01,9R,曇り,北,1,1,2020_9_22,2020_9_22_01_9R
976,1,1,3909,佐々木康幸,34,56,6.71,1,0.20,01,10R,曇り,無風,0,0,2020_9_22,2020_9_22_01_10R
977,2,4,3940,飯山泰,67,49,6.70,4,0.15,01,10R,曇り,無風,0,0,2020_9_22,2020_9_22_01_10R
978,3,5,4375,照屋厚仁,59,38,6.75,5,0.17,01,10R,曇り,無風,0,0,2020_9_22,2020_9_22_01_10R
979,4,3,4492,本多宏和,21,11,6.77,3,0.16,01,10R,曇り,無風,0,0,2020_9_22,2020_9_22_01_10R
980,5,2,4305,金子拓矢,51,44,6.74,2,0.19,01,10R,曇り,無風,0,0,2020_9_22,2020_9_22_01_10R
981,1,3,4877,鈴谷一平,46,24,6.77,3,0.16,01,11R,曇り,北東,1,1,2020_9_22,2020_9_22_01_11R
982,2,1,4044,湯川浩司,36,27,6.59,1,0.18,01,11R,曇り,北東,1,1,2020_9_22,2020_9_22_01_11R
983,3,5,3565,坂本徳克,53,51,6.67,5,0.19,01,11R,曇り,北東,1,1,2020_9_22,2020_9_22_01_11R
984,4,2,3156,金子良昭,24,13,6.65,2,0.21,01,11R,曇り,北東,1,1,2020_9_22,2020_9_22_01_11R
985,5,4,4210,松村康太,22,30,6.72,4,0.19,01,11R,曇り,北東,1,1,2020_9_22,2020_9_22_01_11R
986,6,6,3819,大内裕樹,37,71,6.78,6,0.22,01,11R,曇り,北東,1,1,2020_9_22,2020_9_22_01_11R
987,1,6,3769,佐竹恒彦,29,34,6.79,4,0.08,01,12R,曇り,北東,1,1,2020_9_22,2020_9_22_01_12R
988,2,3,3831,安藤裕貴,54,50,6.71,2,0.15,01,12R,曇り,北東,1,1,2020_9_22,2020_9_22_01_12R
989,3,4,4903,吉田凌太朗,52,37,6.79,3,0.17,01,12R,曇り,北東,1,1,2020_9_22,2020_9_22_01_12R
990,4,5,4664,東口晃,19,26,6.78,6,0.09,01,12R,曇り,北東,1,1,2020_9_22,2020_9_22_01_12R
991,5,2,3583,齋藤智裕,49,54,6.74,5,0.03,01,12R,曇り,北東,1,1,2020_9_22,2020_9_22_01_12R
992,6,1,3497,後藤浩,32,76,6.69,1,0.13,01,12R,曇り,北東,1,1,2020_9_22,2020_9_22_01_12R
